atr,vol_lb,metric,top_n,rebal,dir,vol_tgt,Sharpe,CAGR,MDD,Calmar,Trades
14,20,natr,2,14,long,0.1500,1.2816,0.2345,-0.2820,0.8315,4490
14,40,natr,2,14,long,0.1500,1.2816,0.2345,-0.2820,0.8315,4490
14,10,natr,2,14,long,0.1500,1.2816,0.2345,-0.2820,0.8315,4490
20,40,natr,2,14,long,0.1500,1.2732,0.2340,-0.2696,0.8681,4486
20,10,natr,2,14,long,0.1500,1.2732,0.2340,-0.2696,0.8681,4486
20,20,natr,2,14,long,0.1500,1.2732,0.2340,-0.2696,0.8681,4486
14,40,natr,2,14,long,0.2500,1.2678,0.3871,-0.4355,0.8890,4490
14,20,natr,2,14,long,0.2500,1.2678,0.3871,-0.4355,0.8890,4490
14,10,natr,2,14,long,0.2500,1.2678,0.3871,-0.4355,0.8890,4490
20,10,natr,2,14,long,0.2500,1.2593,0.3861,-0.4189,0.9217,4486
20,40,natr,2,14,long,0.2500,1.2593,0.3861,-0.4189,0.9217,4486
20,20,natr,2,14,long,0.2500,1.2593,0.3861,-0.4189,0.9217,4486
20,40,natr,3,14,long,0.1500,1.2461,0.2280,-0.2725,0.8365,6710
20,20,natr,3,14,long,0.1500,1.2461,0.2280,-0.2725,0.8365,6710
20,10,natr,3,14,long,0.1500,1.2461,0.2280,-0.2725,0.8365,6710
20,40,natr,3,14,long,0.2500,1.2284,0.3723,-0.4194,0.8878,6707
20,20,natr,3,14,long,0.2500,1.2284,0.3723,-0.4194,0.8878,6707
20,10,natr,3,14,long,0.2500,1.2284,0.3723,-0.4194,0.8878,6707
14,20,natr,2,14,long,0.0000,1.2241,0.8129,-0.7187,1.1311,142
14,40,natr,2,14,long,0.0000,1.2241,0.8129,-0.7187,1.1311,142
14,10,natr,2,14,long,0.0000,1.2241,0.8129,-0.7187,1.1311,142
20,40,natr,3,14,long,0.0000,1.2060,0.8172,-0.7193,1.1361,163
20,10,natr,3,14,long,0.0000,1.2060,0.8172,-0.7193,1.1361,163
20,20,natr,3,14,long,0.0000,1.2060,0.8172,-0.7193,1.1361,163
20,20,realized,3,14,long,0.1500,1.2045,0.2425,-0.2608,0.9297,6751
10,20,realized,3,14,long,0.1500,1.2045,0.2425,-0.2608,0.9297,6751
14,20,realized,3,14,long,0.1500,1.2045,0.2425,-0.2608,0.9297,6751
10,20,realized,3,14,long,0.0000,1.2014,1.0879,-0.7372,1.4758,245
14,20,realized,3,14,long,0.0000,1.2014,1.0879,-0.7372,1.4758,245
20,20,realized,3,14,long,0.0000,1.2014,1.0879,-0.7372,1.4758,245
20,20,natr,2,14,long,0.0000,1.2011,0.7884,-0.6865,1.1484,134
20,40,natr,2,14,long,0.0000,1.2011,0.7884,-0.6865,1.1484,134
20,10,natr,2,14,long,0.0000,1.2011,0.7884,-0.6865,1.1484,134
14,20,realized,3,14,long,0.2500,1.1870,0.3954,-0.4067,0.9722,6748
20,20,realized,3,14,long,0.2500,1.1870,0.3954,-0.4067,0.9722,6748
10,20,realized,3,14,long,0.2500,1.1870,0.3954,-0.4067,0.9722,6748
14,40,natr,3,14,long,0.0000,1.1527,0.7444,-0.7145,1.0418,217
14,20,natr,3,14,long,0.0000,1.1527,0.7444,-0.7145,1.0418,217
14,10,natr,3,14,long,0.0000,1.1527,0.7444,-0.7145,1.0418,217
14,10,natr,3,14,long,0.1500,1.1387,0.2038,-0.2805,0.7266,6737
14,20,natr,3,14,long,0.1500,1.1387,0.2038,-0.2805,0.7266,6737
14,40,natr,3,14,long,0.1500,1.1387,0.2038,-0.2805,0.7266,6737
20,20,realized,2,14,long,0.1500,1.1259,0.2667,-0.2359,1.1306,4521
14,20,realized,2,14,long,0.1500,1.1259,0.2667,-0.2359,1.1306,4521
10,20,realized,2,14,long,0.1500,1.1259,0.2667,-0.2359,1.1306,4521
20,10,natr,2,3,long,0.1500,1.1233,0.2036,-0.2807,0.7253,4538
20,40,natr,2,3,long,0.1500,1.1233,0.2036,-0.2807,0.7253,4538
20,20,natr,2,3,long,0.1500,1.1233,0.2036,-0.2807,0.7253,4538
20,40,realized,3,14,long,0.0000,1.1223,0.7103,-0.7364,0.9645,173
10,40,realized,3,14,long,0.0000,1.1223,0.7103,-0.7364,0.9645,173
14,40,realized,3,14,long,0.0000,1.1223,0.7103,-0.7364,0.9645,173
14,10,natr,3,14,long,0.2500,1.1198,0.3279,-0.4335,0.7563,6734
14,40,natr,3,14,long,0.2500,1.1198,0.3279,-0.4335,0.7563,6734
14,20,natr,3,14,long,0.2500,1.1198,0.3279,-0.4335,0.7563,6734
14,20,realized,2,14,long,0.0000,1.1180,1.2019,-0.7090,1.6951,204
10,20,realized,2,14,long,0.0000,1.1180,1.2019,-0.7090,1.6951,204
20,20,realized,2,14,long,0.0000,1.1180,1.2019,-0.7090,1.6951,204
10,20,realized,2,14,long,0.2500,1.1108,0.4347,-0.3735,1.1638,4519
20,20,realized,2,14,long,0.2500,1.1108,0.4347,-0.3735,1.1638,4519
14,20,realized,2,14,long,0.2500,1.1108,0.4347,-0.3735,1.1638,4519
20,10,natr,2,3,long,0.2500,1.1084,0.3230,-0.4341,0.7441,4538
20,20,natr,2,3,long,0.2500,1.1084,0.3230,-0.4341,0.7441,4538
20,40,natr,2,3,long,0.2500,1.1084,0.3230,-0.4341,0.7441,4538
10,20,realized,3,3,long,0.1500,1.0930,0.2051,-0.2453,0.8361,6870
20,20,realized,3,3,long,0.1500,1.0930,0.2051,-0.2453,0.8361,6870
14,20,realized,3,3,long,0.1500,1.0930,0.2051,-0.2453,0.8361,6870
10,40,natr,2,14,long,0.1500,1.0869,0.2389,-0.3120,0.7658,4513
10,10,natr,2,14,long,0.1500,1.0869,0.2389,-0.3120,0.7658,4513
10,20,natr,2,14,long,0.1500,1.0869,0.2389,-0.3120,0.7658,4513
20,40,natr,2,7,long,0.1500,1.0848,0.1928,-0.3089,0.6240,4513
20,10,natr,2,7,long,0.1500,1.0848,0.1928,-0.3089,0.6240,4513
20,20,natr,2,7,long,0.1500,1.0848,0.1928,-0.3089,0.6240,4513
20,20,natr,2,3,long,0.0000,1.0779,0.6122,-0.7000,0.8746,242
20,40,natr,2,3,long,0.0000,1.0779,0.6122,-0.7000,0.8746,242
20,10,natr,2,3,long,0.0000,1.0779,0.6122,-0.7000,0.8746,242
20,20,natr,3,3,long,0.1500,1.0778,0.1927,-0.2635,0.7314,6788
20,10,natr,3,3,long,0.1500,1.0778,0.1927,-0.2635,0.7314,6788
20,40,natr,3,3,long,0.1500,1.0778,0.1927,-0.2635,0.7314,6788
20,40,natr,3,7,long,0.1500,1.0768,0.1899,-0.2705,0.7020,6748
20,10,natr,3,7,long,0.1500,1.0768,0.1899,-0.2705,0.7020,6748
20,20,natr,3,7,long,0.1500,1.0768,0.1899,-0.2705,0.7020,6748
20,20,realized,3,3,long,0.2500,1.0763,0.3252,-0.3831,0.8488,6870
14,20,realized,3,3,long,0.2500,1.0763,0.3252,-0.3831,0.8488,6870
10,20,realized,3,3,long,0.2500,1.0763,0.3252,-0.3831,0.8488,6870
10,20,natr,2,14,long,0.2500,1.0730,0.3880,-0.4742,0.8183,4513
10,40,natr,2,14,long,0.2500,1.0730,0.3880,-0.4742,0.8183,4513
10,10,natr,2,14,long,0.2500,1.0730,0.3880,-0.4742,0.8183,4513
20,20,natr,2,7,long,0.2500,1.0695,0.3099,-0.4709,0.6580,4513
20,10,natr,2,7,long,0.2500,1.0695,0.3099,-0.4709,0.6580,4513
20,40,natr,2,7,long,0.2500,1.0695,0.3099,-0.4709,0.6580,4513
20,40,realized,3,3,long,0.1500,1.0638,0.2024,-0.2595,0.7800,6702
10,40,realized,3,3,long,0.1500,1.0638,0.2024,-0.2595,0.7800,6702
14,40,realized,3,3,long,0.1500,1.0638,0.2024,-0.2595,0.7800,6702
10,10,natr,3,14,long,0.1500,1.0615,0.2014,-0.2801,0.7192,6750
10,40,natr,3,14,long,0.1500,1.0615,0.2014,-0.2801,0.7192,6750
10,20,natr,3,14,long,0.1500,1.0615,0.2014,-0.2801,0.7192,6750
14,10,natr,2,7,long,0.0000,1.0612,0.6037,-0.7416,0.8140,234
14,40,natr,2,7,long,0.0000,1.0612,0.6037,-0.7416,0.8140,234
14,20,natr,2,7,long,0.0000,1.0612,0.6037,-0.7416,0.8140,234
20,40,natr,3,3,long,0.2500,1.0611,0.3042,-0.4073,0.7468,6788
20,10,natr,3,3,long,0.2500,1.0611,0.3042,-0.4073,0.7468,6788
20,20,natr,3,3,long,0.2500,1.0611,0.3042,-0.4073,0.7468,6788
20,20,natr,1,14,long,0.0000,1.0578,0.6727,-0.7356,0.9145,83
20,10,natr,1,14,long,0.0000,1.0578,0.6727,-0.7356,0.9145,83
20,40,natr,1,14,long,0.0000,1.0578,0.6727,-0.7356,0.9145,83
20,20,natr,3,7,long,0.2500,1.0573,0.3026,-0.4201,0.7203,6745
20,40,natr,3,7,long,0.2500,1.0573,0.3026,-0.4201,0.7203,6745
20,10,natr,3,7,long,0.2500,1.0573,0.3026,-0.4201,0.7203,6745
10,40,realized,3,3,long,0.0000,1.0565,0.6166,-0.7337,0.8405,279
14,40,realized,3,3,long,0.0000,1.0565,0.6166,-0.7337,0.8405,279
20,40,realized,3,3,long,0.0000,1.0565,0.6166,-0.7337,0.8405,279
20,40,realized,3,3,long,0.2500,1.0474,0.3176,-0.4032,0.7877,6702
14,40,realized,3,3,long,0.2500,1.0474,0.3176,-0.4032,0.7877,6702
10,40,realized,3,3,long,0.2500,1.0474,0.3176,-0.4032,0.7877,6702
14,10,realized,2,14,long,0.1500,1.0436,0.2160,-0.2534,0.8522,4567
20,10,realized,2,14,long,0.1500,1.0436,0.2160,-0.2534,0.8522,4567
10,10,realized,2,14,long,0.1500,1.0436,0.2160,-0.2534,0.8522,4567
14,10,realized,3,14,long,0.1500,1.0434,0.2006,-0.2814,0.7129,6817
10,10,realized,3,14,long,0.1500,1.0434,0.2006,-0.2814,0.7129,6817
20,10,realized,3,14,long,0.1500,1.0434,0.2006,-0.2814,0.7129,6817
10,40,natr,3,14,long,0.2500,1.0425,0.3211,-0.4326,0.7421,6747
10,20,natr,3,14,long,0.2500,1.0425,0.3211,-0.4326,0.7421,6747
10,10,natr,3,14,long,0.2500,1.0425,0.3211,-0.4326,0.7421,6747
20,40,realized,3,7,long,0.0000,1.0341,0.6013,-0.7477,0.8042,209
10,40,realized,3,7,long,0.0000,1.0341,0.6013,-0.7477,0.8042,209
14,40,realized,3,7,long,0.0000,1.0341,0.6013,-0.7477,0.8042,209
20,10,realized,2,14,long,0.2500,1.0292,0.3462,-0.3975,0.8710,4567
14,10,realized,2,14,long,0.2500,1.0292,0.3462,-0.3975,0.8710,4567
10,10,realized,2,14,long,0.2500,1.0292,0.3462,-0.3975,0.8710,4567
10,40,realized,3,7,long,0.1500,1.0286,0.1952,-0.2848,0.6856,6667
20,40,realized,3,7,long,0.1500,1.0286,0.1952,-0.2848,0.6856,6667
14,40,realized,3,7,long,0.1500,1.0286,0.1952,-0.2848,0.6856,6667
20,10,natr,3,3,long,0.0000,1.0266,0.5884,-0.7085,0.8305,325
20,40,natr,3,3,long,0.0000,1.0266,0.5884,-0.7085,0.8305,325
20,20,natr,3,3,long,0.0000,1.0266,0.5884,-0.7085,0.8305,325
20,10,realized,3,14,long,0.2500,1.0244,0.3186,-0.4339,0.7344,6814
14,10,realized,3,14,long,0.2500,1.0244,0.3186,-0.4339,0.7344,6814
10,10,realized,3,14,long,0.2500,1.0244,0.3186,-0.4339,0.7344,6814
20,20,natr,1,14,long,0.1500,1.0241,0.1875,-0.2890,0.6488,2251
20,40,natr,1,14,long,0.1500,1.0241,0.1875,-0.2890,0.6488,2251
20,10,natr,1,14,long,0.1500,1.0241,0.1875,-0.2890,0.6488,2251
10,20,realized,3,7,long,0.1500,1.0228,0.1980,-0.2684,0.7376,6792
14,20,realized,3,7,long,0.1500,1.0228,0.1980,-0.2684,0.7376,6792
20,20,realized,3,7,long,0.1500,1.0228,0.1980,-0.2684,0.7376,6792
20,10,realized,3,14,long,0.0000,1.0186,0.7617,-0.7870,0.9679,377
10,10,realized,3,14,long,0.0000,1.0186,0.7617,-0.7870,0.9679,377
14,10,realized,3,14,long,0.0000,1.0186,0.7617,-0.7870,0.9679,377
14,10,natr,2,3,long,0.0000,1.0159,0.5486,-0.7278,0.7538,308
14,40,natr,2,3,long,0.0000,1.0159,0.5486,-0.7278,0.7538,308
14,20,natr,2,3,long,0.0000,1.0159,0.5486,-0.7278,0.7538,308
20,20,realized,2,3,long,0.1500,1.0125,0.1922,-0.2732,0.7035,4606
14,20,realized,2,3,long,0.1500,1.0125,0.1922,-0.2732,0.7035,4606
10,20,realized,2,3,long,0.1500,1.0125,0.1922,-0.2732,0.7035,4606
20,40,realized,3,7,long,0.2500,1.0120,0.3046,-0.4393,0.6934,6667
10,40,realized,3,7,long,0.2500,1.0120,0.3046,-0.4393,0.6934,6667
14,40,realized,3,7,long,0.2500,1.0120,0.3046,-0.4393,0.6934,6667
20,20,natr,1,14,long,0.2500,1.0060,0.2949,-0.4402,0.6699,2251
20,40,natr,1,14,long,0.2500,1.0060,0.2949,-0.4402,0.6699,2251
20,10,natr,1,14,long,0.2500,1.0060,0.2949,-0.4402,0.6699,2251
20,10,natr,2,7,long,0.0000,1.0048,0.5429,-0.7202,0.7538,188
20,40,natr,2,7,long,0.0000,1.0048,0.5429,-0.7202,0.7538,188
20,20,natr,2,7,long,0.0000,1.0048,0.5429,-0.7202,0.7538,188
14,20,realized,3,7,long,0.2500,1.0037,0.3134,-0.4169,0.7518,6789
10,20,realized,3,7,long,0.2500,1.0037,0.3134,-0.4169,0.7518,6789
20,20,realized,3,7,long,0.2500,1.0037,0.3134,-0.4169,0.7518,6789
14,40,natr,2,3,long,0.2500,1.0001,0.2801,-0.4422,0.6336,4581
14,20,natr,2,3,long,0.2500,1.0001,0.2801,-0.4422,0.6336,4581
14,10,natr,2,3,long,0.2500,1.0001,0.2801,-0.4422,0.6336,4581
20,40,realized,2,14,long,0.0000,0.9985,0.5639,-0.7075,0.7970,116
10,40,realized,2,14,long,0.0000,0.9985,0.5639,-0.7075,0.7970,116
14,40,realized,2,14,long,0.0000,0.9985,0.5639,-0.7075,0.7970,116
14,10,natr,2,7,long,0.2500,0.9983,0.2805,-0.4749,0.5906,4544
14,20,natr,2,7,long,0.2500,0.9983,0.2805,-0.4749,0.5906,4544
14,40,natr,2,7,long,0.2500,0.9983,0.2805,-0.4749,0.5906,4544
10,20,natr,3,14,long,0.0000,0.9971,0.7224,-0.7210,1.0019,243
10,40,natr,3,14,long,0.0000,0.9971,0.7224,-0.7210,1.0019,243
10,10,natr,3,14,long,0.0000,0.9971,0.7224,-0.7210,1.0019,243
10,20,realized,2,3,long,0.2500,0.9943,0.2994,-0.4240,0.7062,4606
14,20,realized,2,3,long,0.2500,0.9943,0.2994,-0.4240,0.7062,4606
20,20,realized,2,3,long,0.2500,0.9943,0.2994,-0.4240,0.7062,4606
14,20,realized,2,3,long,0.0000,0.9939,0.5476,-0.7194,0.7612,378
20,20,realized,2,3,long,0.0000,0.9939,0.5476,-0.7194,0.7612,378
10,20,realized,2,3,long,0.0000,0.9939,0.5476,-0.7194,0.7612,378
20,10,realized,2,14,long,0.0000,0.9907,0.9195,-0.7281,1.2629,296
10,10,realized,2,14,long,0.0000,0.9907,0.9195,-0.7281,1.2629,296
14,10,realized,2,14,long,0.0000,0.9907,0.9195,-0.7281,1.2629,296
20,40,natr,1,7,long,0.1500,0.9827,0.1768,-0.2922,0.6051,2270
20,10,natr,1,7,long,0.1500,0.9827,0.1768,-0.2922,0.6051,2270
20,20,natr,1,7,long,0.1500,0.9827,0.1768,-0.2922,0.6051,2270
14,20,natr,2,7,long,0.1500,0.9803,0.1695,-0.3123,0.5426,4548
14,40,natr,2,7,long,0.1500,0.9803,0.1695,-0.3123,0.5426,4548
14,10,natr,2,7,long,0.1500,0.9803,0.1695,-0.3123,0.5426,4548
10,10,natr,2,14,long,0.0000,0.9800,0.8954,-0.7687,1.1648,188
10,20,natr,2,14,long,0.0000,0.9800,0.8954,-0.7687,1.1648,188
10,40,natr,2,14,long,0.0000,0.9800,0.8954,-0.7687,1.1648,188
10,20,realized,3,3,long,0.0000,0.9782,0.5358,-0.7152,0.7492,489
20,20,realized,3,3,long,0.0000,0.9782,0.5358,-0.7152,0.7492,489
14,20,realized,3,3,long,0.0000,0.9782,0.5358,-0.7152,0.7492,489
20,10,natr,1,7,long,0.0000,0.9773,0.5227,-0.7566,0.6908,121
20,40,natr,1,7,long,0.0000,0.9773,0.5227,-0.7566,0.6908,121
20,20,natr,1,7,long,0.0000,0.9773,0.5227,-0.7566,0.6908,121
20,20,natr,3,7,long,0.0000,0.9773,0.5335,-0.7075,0.7541,239
20,40,natr,3,7,long,0.0000,0.9773,0.5335,-0.7075,0.7541,239
20,10,natr,3,7,long,0.0000,0.9773,0.5335,-0.7075,0.7541,239
14,40,natr,3,7,long,0.0000,0.9711,0.5257,-0.7343,0.7160,301
14,10,natr,3,7,long,0.0000,0.9711,0.5257,-0.7343,0.7160,301
14,20,natr,3,7,long,0.0000,0.9711,0.5257,-0.7343,0.7160,301
20,10,natr,1,7,long,0.2500,0.9639,0.2759,-0.4461,0.6185,2270
20,20,natr,1,7,long,0.2500,0.9639,0.2759,-0.4461,0.6185,2270
20,40,natr,1,7,long,0.2500,0.9639,0.2759,-0.4461,0.6185,2270
10,40,realized,3,14,long,0.2500,0.9454,0.2766,-0.4243,0.6519,6631
14,40,realized,3,14,long,0.2500,0.9454,0.2766,-0.4243,0.6519,6631
20,40,realized,3,14,long,0.2500,0.9454,0.2766,-0.4243,0.6519,6631
14,40,natr,2,3,long,0.1500,0.9418,0.1622,-0.2869,0.5652,4581
14,20,natr,2,3,long,0.1500,0.9418,0.1622,-0.2869,0.5652,4581
14,10,natr,2,3,long,0.1500,0.9418,0.1622,-0.2869,0.5652,4581
20,20,realized,2,7,long,0.1500,0.9320,0.2100,-0.2927,0.7174,4554
14,20,realized,2,7,long,0.1500,0.9320,0.2100,-0.2927,0.7174,4554
10,20,realized,2,7,long,0.1500,0.9320,0.2100,-0.2927,0.7174,4554
20,10,natr,1,3,long,0.0000,0.9288,0.4693,-0.7176,0.6540,171
20,20,natr,1,3,long,0.0000,0.9288,0.4693,-0.7176,0.6540,171
20,40,natr,1,3,long,0.0000,0.9288,0.4693,-0.7176,0.6540,171
14,20,realized,2,7,long,0.2500,0.9157,0.3297,-0.4491,0.7340,4552
10,20,realized,2,7,long,0.2500,0.9157,0.3297,-0.4491,0.7340,4552
20,20,realized,2,7,long,0.2500,0.9157,0.3297,-0.4491,0.7340,4552
14,40,natr,3,7,long,0.2500,0.9141,0.2503,-0.4618,0.5420,6791
14,20,natr,3,7,long,0.2500,0.9141,0.2503,-0.4618,0.5420,6791
14,10,natr,3,7,long,0.2500,0.9141,0.2503,-0.4618,0.5420,6791
10,20,natr,3,3,long,0.2500,0.9097,0.2818,-0.4198,0.6712,6921
10,10,natr,3,3,long,0.2500,0.9097,0.2818,-0.4198,0.6712,6921
10,40,natr,3,3,long,0.2500,0.9097,0.2818,-0.4198,0.6712,6921
10,10,natr,3,7,long,0.0000,0.9071,0.5945,-0.7106,0.8366,367
10,20,natr,3,7,long,0.0000,0.9071,0.5945,-0.7106,0.8366,367
10,40,natr,3,7,long,0.0000,0.9071,0.5945,-0.7106,0.8366,367
14,10,natr,3,7,long,0.1500,0.9012,0.1538,-0.3023,0.5089,6797
14,20,natr,3,7,long,0.1500,0.9012,0.1538,-0.3023,0.5089,6797
14,40,natr,3,7,long,0.1500,0.9012,0.1538,-0.3023,0.5089,6797
10,10,realized,3,3,long,0.0000,0.9007,0.5857,-0.7904,0.7410,897
20,10,realized,3,3,long,0.0000,0.9007,0.5857,-0.7904,0.7410,897
14,10,realized,3,3,long,0.0000,0.9007,0.5857,-0.7904,0.7410,897
10,20,realized,3,7,long,0.0000,0.8999,0.5881,-0.7630,0.7707,327
20,20,realized,3,7,long,0.0000,0.8999,0.5881,-0.7630,0.7707,327
14,20,realized,3,7,long,0.0000,0.8999,0.5881,-0.7630,0.7707,327
14,10,realized,3,7,long,0.0000,0.8935,0.5758,-0.7589,0.7587,601
10,10,realized,3,7,long,0.0000,0.8935,0.5758,-0.7589,0.7587,601
20,10,realized,3,7,long,0.0000,0.8935,0.5758,-0.7589,0.7587,601
14,40,realized,3,14,long,0.1500,0.8933,0.1622,-0.2747,0.5905,6631
20,40,realized,3,14,long,0.1500,0.8933,0.1622,-0.2747,0.5905,6631
10,40,realized,3,14,long,0.1500,0.8933,0.1622,-0.2747,0.5905,6631
10,10,natr,3,3,long,0.1500,0.8904,0.1713,-0.2722,0.6293,6924
10,40,natr,3,3,long,0.1500,0.8904,0.1713,-0.2722,0.6293,6924
10,20,natr,3,3,long,0.1500,0.8904,0.1713,-0.2722,0.6293,6924
14,10,natr,1,14,long,0.1500,0.8848,0.1561,-0.2957,0.5279,2268
14,20,natr,1,14,long,0.1500,0.8848,0.1561,-0.2957,0.5279,2268
14,40,natr,1,14,long,0.1500,0.8848,0.1561,-0.2957,0.5279,2268
10,10,natr,3,7,long,0.2500,0.8847,0.2583,-0.4158,0.6212,6824
10,20,natr,3,7,long,0.2500,0.8847,0.2583,-0.4158,0.6212,6824
10,40,natr,3,7,long,0.2500,0.8847,0.2583,-0.4158,0.6212,6824
10,40,natr,3,7,long,0.1500,0.8735,0.1597,-0.2695,0.5927,6830
10,20,natr,3,7,long,0.1500,0.8735,0.1597,-0.2695,0.5927,6830
10,10,natr,3,7,long,0.1500,0.8735,0.1597,-0.2695,0.5927,6830
20,40,natr,1,3,long,0.1500,0.8718,0.1563,-0.2651,0.5894,2294
20,20,natr,1,3,long,0.1500,0.8718,0.1563,-0.2651,0.5894,2294
20,10,natr,1,3,long,0.1500,0.8718,0.1563,-0.2651,0.5894,2294
20,40,realized,2,14,long,0.2500,0.8650,0.2356,-0.3700,0.6367,4421
14,40,realized,2,14,long,0.2500,0.8650,0.2356,-0.3700,0.6367,4421
10,40,realized,2,14,long,0.2500,0.8650,0.2356,-0.3700,0.6367,4421
14,40,natr,1,14,long,0.2500,0.8644,0.2386,-0.4489,0.5316,2268
14,20,natr,1,14,long,0.2500,0.8644,0.2386,-0.4489,0.5316,2268
14,10,natr,1,14,long,0.2500,0.8644,0.2386,-0.4489,0.5316,2268
10,40,natr,2,7,long,0.2500,0.8637,0.2870,-0.4890,0.5868,4570
10,20,natr,2,7,long,0.2500,0.8637,0.2870,-0.4890,0.5868,4570
10,10,natr,2,7,long,0.2500,0.8637,0.2870,-0.4890,0.5868,4570
14,20,realized,1,14,long,0.1500,0.8613,0.1808,-0.2853,0.6337,2284
20,20,realized,1,14,long,0.1500,0.8613,0.1808,-0.2853,0.6337,2284
10,20,realized,1,14,long,0.1500,0.8613,0.1808,-0.2853,0.6337,2284
10,10,natr,3,3,long,0.0000,0.8522,0.5233,-0.7223,0.7245,525
10,20,natr,3,3,long,0.0000,0.8522,0.5233,-0.7223,0.7245,525
10,40,natr,3,3,long,0.0000,0.8522,0.5233,-0.7223,0.7245,525
20,20,natr,1,3,long,0.2500,0.8512,0.2331,-0.4098,0.5688,2294
20,10,natr,1,3,long,0.2500,0.8512,0.2331,-0.4098,0.5688,2294
20,40,natr,1,3,long,0.2500,0.8512,0.2331,-0.4098,0.5688,2294
10,40,natr,2,7,long,0.1500,0.8511,0.1769,-0.3238,0.5464,4574
10,20,natr,2,7,long,0.1500,0.8511,0.1769,-0.3238,0.5464,4574
10,10,natr,2,7,long,0.1500,0.8511,0.1769,-0.3238,0.5464,4574
10,10,natr,2,7,long,0.0000,0.8479,0.6558,-0.7754,0.8457,286
10,20,natr,2,7,long,0.0000,0.8479,0.6558,-0.7754,0.8457,286
10,40,natr,2,7,long,0.0000,0.8479,0.6558,-0.7754,0.8457,286
14,10,realized,2,7,long,0.0000,0.8479,0.6538,-0.7525,0.8689,470
10,10,realized,2,7,long,0.0000,0.8479,0.6538,-0.7525,0.8689,470
20,10,realized,2,7,long,0.0000,0.8479,0.6538,-0.7525,0.8689,470
20,20,realized,2,7,long,0.0000,0.8470,0.6550,-0.7471,0.8768,270
10,20,realized,2,7,long,0.0000,0.8470,0.6550,-0.7471,0.8768,270
14,20,realized,2,7,long,0.0000,0.8470,0.6550,-0.7471,0.8768,270
14,10,natr,3,3,long,0.0000,0.8422,0.3907,-0.7008,0.5574,389
14,40,natr,3,3,long,0.0000,0.8422,0.3907,-0.7008,0.5574,389
14,20,natr,3,3,long,0.0000,0.8422,0.3907,-0.7008,0.5574,389
14,20,realized,1,14,long,0.2500,0.8421,0.2765,-0.4395,0.6291,2284
10,20,realized,1,14,long,0.2500,0.8421,0.2765,-0.4395,0.6291,2284
20,20,realized,1,14,long,0.2500,0.8421,0.2765,-0.4395,0.6291,2284
14,10,natr,1,14,long,0.0000,0.8375,0.3838,-0.7580,0.5063,117
14,20,natr,1,14,long,0.0000,0.8375,0.3838,-0.7580,0.5063,117
14,40,natr,1,14,long,0.0000,0.8375,0.3838,-0.7580,0.5063,117
10,40,realized,2,7,long,0.2500,0.8365,0.2249,-0.3727,0.6033,4446
14,40,realized,2,7,long,0.2500,0.8365,0.2249,-0.3727,0.6033,4446
20,40,realized,2,7,long,0.2500,0.8365,0.2249,-0.3727,0.6033,4446
10,10,natr,2,3,long,0.1500,0.8336,0.1757,-0.2971,0.5914,4665
10,40,natr,2,3,long,0.1500,0.8336,0.1757,-0.2971,0.5914,4665
10,20,natr,2,3,long,0.1500,0.8336,0.1757,-0.2971,0.5914,4665
10,20,natr,2,3,long,0.2500,0.8308,0.2763,-0.4551,0.6071,4663
10,40,natr,2,3,long,0.2500,0.8308,0.2763,-0.4551,0.6071,4663
10,10,natr,2,3,long,0.2500,0.8308,0.2763,-0.4551,0.6071,4663
14,40,realized,2,3,long,0.1500,0.8176,0.1411,-0.2531,0.5573,4467
10,40,realized,2,3,long,0.1500,0.8176,0.1411,-0.2531,0.5573,4467
20,40,realized,2,3,long,0.1500,0.8176,0.1411,-0.2531,0.5573,4467
20,10,realized,3,7,long,0.2500,0.8153,0.2356,-0.4381,0.5379,6941
14,10,realized,3,7,long,0.2500,0.8153,0.2356,-0.4381,0.5379,6941
10,10,realized,3,7,long,0.2500,0.8153,0.2356,-0.4381,0.5379,6941
10,40,realized,2,7,long,0.0000,0.8138,0.3671,-0.7344,0.4999,142
14,40,realized,2,7,long,0.0000,0.8138,0.3671,-0.7344,0.4999,142
20,40,realized,2,7,long,0.0000,0.8138,0.3671,-0.7344,0.4999,142
10,40,realized,2,7,long,0.1500,0.8125,0.1373,-0.2350,0.5841,4448
20,40,realized,2,7,long,0.1500,0.8125,0.1373,-0.2350,0.5841,4448
14,40,realized,2,7,long,0.1500,0.8125,0.1373,-0.2350,0.5841,4448
10,40,realized,2,14,long,0.1500,0.8090,0.1385,-0.2746,0.5043,4421
14,40,realized,2,14,long,0.1500,0.8090,0.1385,-0.2746,0.5043,4421
20,40,realized,2,14,long,0.1500,0.8090,0.1385,-0.2746,0.5043,4421
20,10,realized,3,7,long,0.1500,0.8049,0.1476,-0.2865,0.5152,6947
10,10,realized,3,7,long,0.1500,0.8049,0.1476,-0.2865,0.5152,6947
14,10,realized,3,7,long,0.1500,0.8049,0.1476,-0.2865,0.5152,6947
14,10,natr,3,3,long,0.2500,0.7998,0.2078,-0.4123,0.5041,6835
14,20,natr,3,3,long,0.2500,0.7998,0.2078,-0.4123,0.5041,6835
14,40,natr,3,3,long,0.2500,0.7998,0.2078,-0.4123,0.5041,6835
14,40,realized,2,3,long,0.2500,0.7946,0.2102,-0.3973,0.5289,4467
10,40,realized,2,3,long,0.2500,0.7946,0.2102,-0.3973,0.5289,4467
20,40,realized,2,3,long,0.2500,0.7946,0.2102,-0.3973,0.5289,4467
14,10,realized,3,3,long,0.2500,0.7876,0.2241,-0.4673,0.4795,7101
10,10,realized,3,3,long,0.2500,0.7876,0.2241,-0.4673,0.4795,7101
20,10,realized,3,3,long,0.2500,0.7876,0.2241,-0.4673,0.4795,7101
10,10,natr,2,3,long,0.0000,0.7869,0.5582,-0.7668,0.7280,448
10,40,natr,2,3,long,0.0000,0.7869,0.5582,-0.7668,0.7280,448
10,20,natr,2,3,long,0.0000,0.7869,0.5582,-0.7668,0.7280,448
10,20,realized,1,14,long,0.0000,0.7799,0.3655,-0.7205,0.5072,149
14,20,realized,1,14,long,0.0000,0.7799,0.3655,-0.7205,0.5072,149
20,20,realized,1,14,long,0.0000,0.7799,0.3655,-0.7205,0.5072,149
20,10,realized,1,14,long,0.1500,0.7676,0.2090,-0.2559,0.8169,2309
14,10,realized,1,14,long,0.1500,0.7676,0.2090,-0.2559,0.8169,2309
10,10,realized,1,14,long,0.1500,0.7676,0.2090,-0.2559,0.8169,2309
14,40,realized,2,3,long,0.0000,0.7566,0.3161,-0.7397,0.4274,184
10,40,realized,2,3,long,0.0000,0.7566,0.3161,-0.7397,0.4274,184
20,40,realized,2,3,long,0.0000,0.7566,0.3161,-0.7397,0.4274,184
10,10,realized,1,14,long,0.2500,0.7510,0.3164,-0.3996,0.7917,2309
14,10,realized,1,14,long,0.2500,0.7510,0.3164,-0.3996,0.7917,2309
20,10,realized,1,14,long,0.2500,0.7510,0.3164,-0.3996,0.7917,2309
20,10,realized,1,14,long,0.0000,0.7509,0.8607,-0.6973,1.2344,199
14,10,realized,1,14,long,0.0000,0.7509,0.8607,-0.6973,1.2344,199
10,10,realized,1,14,long,0.0000,0.7509,0.8607,-0.6973,1.2344,199
20,10,realized,3,3,long,0.1500,0.7433,0.1344,-0.3070,0.4378,7101
10,10,realized,3,3,long,0.1500,0.7433,0.1344,-0.3070,0.4378,7101
14,10,realized,3,3,long,0.1500,0.7433,0.1344,-0.3070,0.4378,7101
14,40,natr,1,7,long,0.0000,0.7413,0.3019,-0.7403,0.4078,155
14,10,natr,1,7,long,0.0000,0.7413,0.3019,-0.7403,0.4078,155
14,20,natr,1,7,long,0.0000,0.7413,0.3019,-0.7403,0.4078,155
14,20,natr,3,3,long,0.1500,0.7376,0.1215,-0.2648,0.4589,6835
14,10,natr,3,3,long,0.1500,0.7376,0.1215,-0.2648,0.4589,6835
14,40,natr,3,3,long,0.1500,0.7376,0.1215,-0.2648,0.4589,6835
10,10,realized,2,7,long,0.2500,0.7261,0.2381,-0.4396,0.5416,4662
20,10,realized,2,7,long,0.2500,0.7261,0.2381,-0.4396,0.5416,4662
14,10,realized,2,7,long,0.2500,0.7261,0.2381,-0.4396,0.5416,4662
20,40,realized,1,7,long,0.2500,0.7186,0.1859,-0.4048,0.4593,2248
10,40,realized,1,7,long,0.2500,0.7186,0.1859,-0.4048,0.4593,2248
14,40,realized,1,7,long,0.2500,0.7186,0.1859,-0.4048,0.4593,2248
14,10,realized,2,7,long,0.1500,0.7183,0.1525,-0.2853,0.5346,4666
20,10,realized,2,7,long,0.1500,0.7183,0.1525,-0.2853,0.5346,4666
10,10,realized,2,7,long,0.1500,0.7183,0.1525,-0.2853,0.5346,4666
10,20,natr,1,14,long,0.1500,0.7168,0.1201,-0.2893,0.4152,2272
10,40,natr,1,14,long,0.1500,0.7168,0.1201,-0.2893,0.4152,2272
10,10,natr,1,14,long,0.1500,0.7168,0.1201,-0.2893,0.4152,2272
10,10,natr,1,14,long,0.0000,0.7099,0.2770,-0.7661,0.3616,125
10,20,natr,1,14,long,0.0000,0.7099,0.2770,-0.7661,0.3616,125
10,40,natr,1,14,long,0.0000,0.7099,0.2770,-0.7661,0.3616,125
10,20,realized,1,3,long,0.0000,0.7092,0.2885,-0.7154,0.4033,305
20,20,realized,1,3,long,0.0000,0.7092,0.2885,-0.7154,0.4033,305
14,20,realized,1,3,long,0.0000,0.7092,0.2885,-0.7154,0.4033,305
14,10,natr,1,3,long,0.0000,0.7015,0.2689,-0.7366,0.3651,215
14,20,natr,1,3,long,0.0000,0.7015,0.2689,-0.7366,0.3651,215
14,40,natr,1,3,long,0.0000,0.7015,0.2689,-0.7366,0.3651,215
10,10,realized,2,3,long,0.0000,0.7012,0.2719,-0.7602,0.3577,754
14,10,realized,2,3,long,0.0000,0.7012,0.2719,-0.7602,0.3577,754
20,10,realized,2,3,long,0.0000,0.7012,0.2719,-0.7602,0.3577,754
10,20,natr,1,14,long,0.2500,0.6936,0.1755,-0.4406,0.3983,2272
10,10,natr,1,14,long,0.2500,0.6936,0.1755,-0.4406,0.3983,2272
10,40,natr,1,14,long,0.2500,0.6936,0.1755,-0.4406,0.3983,2272
20,40,realized,1,7,long,0.1500,0.6911,0.1149,-0.2614,0.4396,2248
10,40,realized,1,7,long,0.1500,0.6911,0.1149,-0.2614,0.4396,2248
14,40,realized,1,7,long,0.1500,0.6911,0.1149,-0.2614,0.4396,2248
14,20,natr,1,7,long,0.2500,0.6895,0.1745,-0.4477,0.3899,2291
14,10,natr,1,7,long,0.2500,0.6895,0.1745,-0.4477,0.3899,2291
14,40,natr,1,7,long,0.2500,0.6895,0.1745,-0.4477,0.3899,2291
14,20,realized,1,7,long,0.1500,0.6890,0.1372,-0.3213,0.4268,2318
20,20,realized,1,7,long,0.1500,0.6890,0.1372,-0.3213,0.4268,2318
10,20,realized,1,7,long,0.1500,0.6890,0.1372,-0.3213,0.4268,2318
20,20,realized,1,7,long,0.0000,0.6882,0.2788,-0.7479,0.3727,217
10,20,realized,1,7,long,0.0000,0.6882,0.2788,-0.7479,0.3727,217
14,20,realized,1,7,long,0.0000,0.6882,0.2788,-0.7479,0.3727,217
20,40,realized,1,14,long,0.0000,0.6790,0.2542,-0.7182,0.3539,93
14,40,realized,1,14,long,0.0000,0.6790,0.2542,-0.7182,0.3539,93
10,40,realized,1,14,long,0.0000,0.6790,0.2542,-0.7182,0.3539,93
20,40,realized,1,3,long,0.0000,0.6741,0.2494,-0.7159,0.3484,177
14,40,realized,1,3,long,0.0000,0.6741,0.2494,-0.7159,0.3484,177
10,40,realized,1,3,long,0.0000,0.6741,0.2494,-0.7159,0.3484,177
14,20,realized,1,7,long,0.2500,0.6679,0.1988,-0.4867,0.4086,2318
20,20,realized,1,7,long,0.2500,0.6679,0.1988,-0.4867,0.4086,2318
10,20,realized,1,7,long,0.2500,0.6679,0.1988,-0.4867,0.4086,2318
14,40,natr,1,7,long,0.1500,0.6634,0.1089,-0.2930,0.3718,2293
14,10,natr,1,7,long,0.1500,0.6634,0.1089,-0.2930,0.3718,2293
14,20,natr,1,7,long,0.1500,0.6634,0.1089,-0.2930,0.3718,2293
10,40,realized,1,3,long,0.1500,0.6601,0.1106,-0.2524,0.4384,2276
14,40,realized,1,3,long,0.1500,0.6601,0.1106,-0.2524,0.4384,2276
20,40,realized,1,3,long,0.1500,0.6601,0.1106,-0.2524,0.4384,2276
10,10,realized,1,3,long,0.0000,0.6600,0.2422,-0.7141,0.3393,519
14,10,realized,1,3,long,0.0000,0.6600,0.2422,-0.7141,0.3393,519
20,10,realized,1,3,long,0.0000,0.6600,0.2422,-0.7141,0.3393,519
10,40,realized,1,7,long,0.0000,0.6597,0.2385,-0.7353,0.3243,119
20,40,realized,1,7,long,0.0000,0.6597,0.2385,-0.7353,0.3243,119
14,40,realized,1,7,long,0.0000,0.6597,0.2385,-0.7353,0.3243,119
10,10,natr,1,3,long,0.0000,0.6455,0.2267,-0.7528,0.3011,285
10,20,natr,1,3,long,0.0000,0.6455,0.2267,-0.7528,0.3011,285
10,40,natr,1,3,long,0.0000,0.6455,0.2267,-0.7528,0.3011,285
14,20,realized,1,3,long,0.1500,0.6396,0.1102,-0.2906,0.3793,2361
10,20,realized,1,3,long,0.1500,0.6396,0.1102,-0.2906,0.3793,2361
20,20,realized,1,3,long,0.1500,0.6396,0.1102,-0.2906,0.3793,2361
10,40,realized,1,3,long,0.2500,0.6322,0.1552,-0.3907,0.3972,2276
14,40,realized,1,3,long,0.2500,0.6322,0.1552,-0.3907,0.3972,2276
20,40,realized,1,3,long,0.2500,0.6322,0.1552,-0.3907,0.3972,2276
14,20,natr,1,3,long,0.2500,0.6198,0.1496,-0.4333,0.3452,2321
14,10,natr,1,3,long,0.2500,0.6198,0.1496,-0.4333,0.3452,2321
14,40,natr,1,3,long,0.2500,0.6198,0.1496,-0.4333,0.3452,2321
10,20,natr,1,3,long,0.1500,0.6187,0.0996,-0.2727,0.3651,2362
10,40,natr,1,3,long,0.1500,0.6187,0.0996,-0.2727,0.3651,2362
10,10,natr,1,3,long,0.1500,0.6187,0.0996,-0.2727,0.3651,2362
10,20,natr,1,3,long,0.2500,0.6142,0.1479,-0.4201,0.3522,2362
10,40,natr,1,3,long,0.2500,0.6142,0.1479,-0.4201,0.3522,2362
10,10,natr,1,3,long,0.2500,0.6142,0.1479,-0.4201,0.3522,2362
14,20,realized,1,3,long,0.2500,0.6100,0.1512,-0.4475,0.3377,2361
20,20,realized,1,3,long,0.2500,0.6100,0.1512,-0.4475,0.3377,2361
10,20,realized,1,3,long,0.2500,0.6100,0.1512,-0.4475,0.3377,2361
20,10,realized,1,7,long,0.0000,0.5921,0.4278,-0.7497,0.5706,351
10,10,realized,1,7,long,0.0000,0.5921,0.4278,-0.7497,0.5706,351
14,10,realized,1,7,long,0.0000,0.5921,0.4278,-0.7497,0.5706,351
14,10,realized,1,7,long,0.2500,0.5906,0.2236,-0.3766,0.5937,2389
20,10,realized,1,7,long,0.2500,0.5906,0.2236,-0.3766,0.5937,2389
10,10,realized,1,7,long,0.2500,0.5906,0.2236,-0.3766,0.5937,2389
10,10,realized,1,7,long,0.1500,0.5769,0.1466,-0.2372,0.6181,2391
20,10,realized,1,7,long,0.1500,0.5769,0.1466,-0.2372,0.6181,2391
14,10,realized,1,7,long,0.1500,0.5769,0.1466,-0.2372,0.6181,2391
14,40,natr,1,3,long,0.1500,0.5692,0.0902,-0.2820,0.3197,2321
14,20,natr,1,3,long,0.1500,0.5692,0.0902,-0.2820,0.3197,2321
14,10,natr,1,3,long,0.1500,0.5692,0.0902,-0.2820,0.3197,2321
10,10,realized,2,3,long,0.2500,0.5232,0.1162,-0.4285,0.2711,4812
20,10,realized,2,3,long,0.2500,0.5232,0.1162,-0.4285,0.2711,4812
14,10,realized,2,3,long,0.2500,0.5232,0.1162,-0.4285,0.2711,4812
10,40,realized,1,14,long,0.2500,0.5181,0.1166,-0.4094,0.2848,2228
14,40,realized,1,14,long,0.2500,0.5181,0.1166,-0.4094,0.2848,2228
20,40,realized,1,14,long,0.2500,0.5181,0.1166,-0.4094,0.2848,2228
10,10,natr,1,7,long,0.0000,0.5096,0.1268,-0.7827,0.1620,193
10,20,natr,1,7,long,0.0000,0.5096,0.1268,-0.7827,0.1620,193
10,40,natr,1,7,long,0.0000,0.5096,0.1268,-0.7827,0.1620,193
20,10,realized,2,3,long,0.1500,0.4847,0.0727,-0.2771,0.2624,4812
10,10,realized,2,3,long,0.1500,0.4847,0.0727,-0.2771,0.2624,4812
14,10,realized,2,3,long,0.1500,0.4847,0.0727,-0.2771,0.2624,4812
10,40,realized,1,14,long,0.1500,0.4818,0.0738,-0.2771,0.2663,2228
14,40,realized,1,14,long,0.1500,0.4818,0.0738,-0.2771,0.2663,2228
20,40,realized,1,14,long,0.1500,0.4818,0.0738,-0.2771,0.2663,2228
10,20,realized,3,14,both,0.0000,0.4564,0.1184,-0.5611,0.2111,529
20,20,realized,3,14,both,0.0000,0.4564,0.1184,-0.5611,0.2111,529
14,20,realized,3,14,both,0.0000,0.4564,0.1184,-0.5611,0.2111,529
10,40,natr,1,7,long,0.2500,0.4422,0.0907,-0.4533,0.2001,2310
10,20,natr,1,7,long,0.2500,0.4422,0.0907,-0.4533,0.2001,2310
10,10,natr,1,7,long,0.2500,0.4422,0.0907,-0.4533,0.2001,2310
10,10,realized,1,3,long,0.2500,0.4301,0.0880,-0.4030,0.2182,2477
14,10,realized,1,3,long,0.2500,0.4301,0.0880,-0.4030,0.2182,2477
20,10,realized,1,3,long,0.2500,0.4301,0.0880,-0.4030,0.2182,2477
20,20,realized,2,14,both,0.0000,0.4238,0.1181,-0.6617,0.1785,465
14,20,realized,2,14,both,0.0000,0.4238,0.1181,-0.6617,0.1785,465
10,20,realized,2,14,both,0.0000,0.4238,0.1181,-0.6617,0.1785,465
10,10,natr,1,7,long,0.1500,0.4182,0.0607,-0.2962,0.2049,2312
10,20,natr,1,7,long,0.1500,0.4182,0.0607,-0.2962,0.2049,2312
10,40,natr,1,7,long,0.1500,0.4182,0.0607,-0.2962,0.2049,2312
14,10,realized,1,3,long,0.1500,0.3999,0.0582,-0.2497,0.2331,2477
10,10,realized,1,3,long,0.1500,0.3999,0.0582,-0.2497,0.2331,2477
20,10,realized,1,3,long,0.1500,0.3999,0.0582,-0.2497,0.2331,2477
10,40,natr,3,14,both,0.1500,0.3541,0.0542,-0.4313,0.1258,13433
10,20,natr,3,14,both,0.1500,0.3541,0.0542,-0.4313,0.1258,13433
10,10,natr,3,14,both,0.1500,0.3541,0.0542,-0.4313,0.1258,13433
20,10,realized,1,14,both,0.0000,0.3411,0.0510,-0.8399,0.0607,440
10,10,realized,1,14,both,0.0000,0.3411,0.0510,-0.8399,0.0607,440
14,10,realized,1,14,both,0.0000,0.3411,0.0510,-0.8399,0.0607,440
10,10,natr,3,14,both,0.2500,0.3259,0.0596,-0.6230,0.0957,13427
10,40,natr,3,14,both,0.2500,0.3259,0.0596,-0.6230,0.0957,13427
10,20,natr,3,14,both,0.2500,0.3259,0.0596,-0.6230,0.0957,13427
10,20,realized,2,14,both,0.1500,0.2811,0.0483,-0.4672,0.1034,9046
14,20,realized,2,14,both,0.1500,0.2811,0.0483,-0.4672,0.1034,9046
20,20,realized,2,14,both,0.1500,0.2811,0.0483,-0.4672,0.1034,9046
14,20,realized,3,14,both,0.1500,0.2668,0.0358,-0.4118,0.0870,13400
20,20,realized,3,14,both,0.1500,0.2668,0.0358,-0.4118,0.0870,13400
10,20,realized,3,14,both,0.1500,0.2668,0.0358,-0.4118,0.0870,13400
10,20,realized,2,14,both,0.2500,0.2652,0.0422,-0.6608,0.0639,9038
20,20,realized,2,14,both,0.2500,0.2652,0.0422,-0.6608,0.0639,9038
14,20,realized,2,14,both,0.2500,0.2652,0.0422,-0.6608,0.0639,9038
10,20,natr,3,14,both,0.0000,0.2510,0.0318,-0.6674,0.0477,511
10,40,natr,3,14,both,0.0000,0.2510,0.0318,-0.6674,0.0477,511
10,10,natr,3,14,both,0.0000,0.2510,0.0318,-0.6674,0.0477,511
14,40,natr,3,14,both,0.0000,0.2509,0.0305,-0.6660,0.0458,454
14,20,natr,3,14,both,0.0000,0.2509,0.0305,-0.6660,0.0458,454
14,10,natr,3,14,both,0.0000,0.2509,0.0305,-0.6660,0.0458,454
20,20,realized,3,14,both,0.2500,0.2428,0.0295,-0.5999,0.0492,13397
14,20,realized,3,14,both,0.2500,0.2428,0.0295,-0.5999,0.0492,13397
10,20,realized,3,14,both,0.2500,0.2428,0.0295,-0.5999,0.0492,13397
20,20,natr,2,14,both,0.0000,0.2231,0.0160,-0.6762,0.0237,356
20,10,natr,2,14,both,0.0000,0.2231,0.0160,-0.6762,0.0237,356
20,40,natr,2,14,both,0.0000,0.2231,0.0160,-0.6762,0.0237,356
10,20,natr,2,14,both,0.0000,0.2210,0.0059,-0.7165,0.0083,452
10,40,natr,2,14,both,0.0000,0.2210,0.0059,-0.7165,0.0083,452
10,10,natr,2,14,both,0.0000,0.2210,0.0059,-0.7165,0.0083,452
14,10,natr,3,14,both,0.1500,0.2160,0.0226,-0.4385,0.0515,13381
14,40,natr,3,14,both,0.1500,0.2160,0.0226,-0.4385,0.0515,13381
14,20,natr,3,14,both,0.1500,0.2160,0.0226,-0.4385,0.0515,13381
20,10,natr,3,14,both,0.0000,0.2106,0.0170,-0.6351,0.0268,390
20,40,natr,3,14,both,0.0000,0.2106,0.0170,-0.6351,0.0268,390
20,20,natr,3,14,both,0.0000,0.2106,0.0170,-0.6351,0.0268,390
10,40,natr,2,7,both,0.2500,0.2078,0.0161,-0.5494,0.0294,9187
10,20,natr,2,7,both,0.2500,0.2078,0.0161,-0.5494,0.0294,9187
10,10,natr,2,7,both,0.2500,0.2078,0.0161,-0.5494,0.0294,9187
10,10,natr,2,7,both,0.0000,0.2076,-0.0016,-0.6837,-0.0024,732
10,40,natr,2,7,both,0.0000,0.2076,-0.0016,-0.6837,-0.0024,732
10,20,natr,2,7,both,0.0000,0.2076,-0.0016,-0.6837,-0.0024,732
10,20,natr,2,7,both,0.1500,0.2062,0.0250,-0.3787,0.0659,9199
10,40,natr,2,7,both,0.1500,0.2062,0.0250,-0.3787,0.0659,9199
10,10,natr,2,7,both,0.1500,0.2062,0.0250,-0.3787,0.0659,9199
10,10,natr,2,14,both,0.1500,0.1968,0.0223,-0.4415,0.0505,9053
10,20,natr,2,14,both,0.1500,0.1968,0.0223,-0.4415,0.0505,9053
10,40,natr,2,14,both,0.1500,0.1968,0.0223,-0.4415,0.0505,9053
10,20,natr,2,14,both,0.2500,0.1944,0.0093,-0.6334,0.0147,9033
10,40,natr,2,14,both,0.2500,0.1944,0.0093,-0.6334,0.0147,9033
10,10,natr,2,14,both,0.2500,0.1944,0.0093,-0.6334,0.0147,9033
14,20,natr,3,14,both,0.2500,0.1866,0.0125,-0.6316,0.0198,13378
14,10,natr,3,14,both,0.2500,0.1866,0.0125,-0.6316,0.0198,13378
14,40,natr,3,14,both,0.2500,0.1866,0.0125,-0.6316,0.0198,13378
20,10,realized,1,14,both,0.1500,0.1445,0.0026,-0.5900,0.0044,4636
10,10,realized,1,14,both,0.1500,0.1445,0.0026,-0.5900,0.0044,4636
14,10,realized,1,14,both,0.1500,0.1445,0.0026,-0.5900,0.0044,4636
14,10,realized,1,14,both,0.2500,0.1356,-0.0402,-0.7862,-0.0512,4634
20,10,realized,1,14,both,0.2500,0.1356,-0.0402,-0.7862,-0.0512,4634
10,10,realized,1,14,both,0.2500,0.1356,-0.0402,-0.7862,-0.0512,4634
10,20,natr,3,7,both,0.0000,0.0933,-0.0317,-0.6623,-0.0479,751
10,10,natr,3,7,both,0.0000,0.0933,-0.0317,-0.6623,-0.0479,751
10,40,natr,3,7,both,0.0000,0.0933,-0.0317,-0.6623,-0.0479,751
20,20,natr,3,14,both,0.1500,0.0902,0.0006,-0.4037,0.0015,13347
20,40,natr,3,14,both,0.1500,0.0902,0.0006,-0.4037,0.0015,13347
20,10,natr,3,14,both,0.1500,0.0902,0.0006,-0.4037,0.0015,13347
14,40,natr,2,14,both,0.1500,0.0876,-0.0001,-0.4662,-0.0003,9017
14,10,natr,2,14,both,0.1500,0.0876,-0.0001,-0.4662,-0.0003,9017
14,20,natr,2,14,both,0.1500,0.0876,-0.0001,-0.4662,-0.0003,9017
10,40,natr,3,7,both,0.2500,0.0749,-0.0244,-0.6564,-0.0371,13512
10,10,natr,3,7,both,0.2500,0.0749,-0.0244,-0.6564,-0.0371,13512
10,20,natr,3,7,both,0.2500,0.0749,-0.0244,-0.6564,-0.0371,13512
10,20,natr,3,7,both,0.1500,0.0690,-0.0047,-0.4654,-0.0102,13559
10,10,natr,3,7,both,0.1500,0.0690,-0.0047,-0.4654,-0.0102,13559
10,40,natr,3,7,both,0.1500,0.0690,-0.0047,-0.4654,-0.0102,13559
20,10,natr,2,14,both,0.1500,0.0678,-0.0027,-0.3939,-0.0068,8999
20,20,natr,2,14,both,0.1500,0.0678,-0.0027,-0.3939,-0.0068,8999
20,40,natr,2,14,both,0.1500,0.0678,-0.0027,-0.3939,-0.0068,8999
14,10,natr,2,14,both,0.2500,0.0674,-0.0230,-0.6627,-0.0347,9014
14,40,natr,2,14,both,0.2500,0.0674,-0.0230,-0.6627,-0.0347,9014
14,20,natr,2,14,both,0.2500,0.0674,-0.0230,-0.6627,-0.0347,9014
14,20,natr,2,14,both,0.0000,0.0603,-0.0462,-0.7278,-0.0634,400
14,10,natr,2,14,both,0.0000,0.0603,-0.0462,-0.7278,-0.0634,400
14,40,natr,2,14,both,0.0000,0.0603,-0.0462,-0.7278,-0.0634,400
10,20,natr,2,3,both,0.0000,0.0551,-0.0795,-0.7729,-0.1028,1072
10,40,natr,2,3,both,0.0000,0.0551,-0.0795,-0.7729,-0.1028,1072
10,10,natr,2,3,both,0.0000,0.0551,-0.0795,-0.7729,-0.1028,1072
20,40,natr,3,14,both,0.2500,0.0540,-0.0251,-0.5967,-0.0420,13332
20,20,natr,3,14,both,0.2500,0.0540,-0.0251,-0.5967,-0.0420,13332
20,10,natr,3,14,both,0.2500,0.0540,-0.0251,-0.5967,-0.0420,13332
10,20,realized,2,7,both,0.1500,0.0513,-0.0200,-0.5425,-0.0368,9125
20,20,realized,2,7,both,0.1500,0.0513,-0.0200,-0.5425,-0.0368,9125
14,20,realized,2,7,both,0.1500,0.0513,-0.0200,-0.5425,-0.0368,9125
20,40,natr,2,14,both,0.2500,0.0466,-0.0254,-0.5983,-0.0425,8996
20,10,natr,2,14,both,0.2500,0.0466,-0.0254,-0.5983,-0.0425,8996
20,20,natr,2,14,both,0.2500,0.0466,-0.0254,-0.5983,-0.0425,8996
20,10,natr,2,7,both,0.0000,0.0393,-0.0463,-0.7192,-0.0643,476
20,40,natr,2,7,both,0.0000,0.0393,-0.0463,-0.7192,-0.0643,476
20,20,natr,2,7,both,0.0000,0.0393,-0.0463,-0.7192,-0.0643,476
14,20,realized,2,7,both,0.2500,0.0359,-0.0692,-0.7380,-0.0937,9125
20,20,realized,2,7,both,0.2500,0.0359,-0.0692,-0.7380,-0.0937,9125
10,20,realized,2,7,both,0.2500,0.0359,-0.0692,-0.7380,-0.0937,9125
10,20,realized,1,14,both,0.0000,0.0171,-0.1028,-0.7602,-0.1352,323
14,20,realized,1,14,both,0.0000,0.0171,-0.1028,-0.7602,-0.1352,323
20,20,realized,1,14,both,0.0000,0.0171,-0.1028,-0.7602,-0.1352,323
14,20,realized,2,7,both,0.0000,0.0142,-0.1068,-0.7955,-0.1342,622
20,20,realized,2,7,both,0.0000,0.0142,-0.1068,-0.7955,-0.1342,622
10,20,realized,2,7,both,0.0000,0.0142,-0.1068,-0.7955,-0.1342,622
20,20,natr,2,3,both,0.0000,0.0122,-0.0585,-0.6475,-0.0904,661
20,10,natr,2,3,both,0.0000,0.0122,-0.0585,-0.6475,-0.0904,661
20,40,natr,2,3,both,0.0000,0.0122,-0.0585,-0.6475,-0.0904,661
20,40,natr,3,3,both,0.1500,-0.0156,-0.0168,-0.4174,-0.0402,13556
20,10,natr,3,3,both,0.1500,-0.0156,-0.0168,-0.4174,-0.0402,13556
20,20,natr,3,3,both,0.1500,-0.0156,-0.0168,-0.4174,-0.0402,13556
14,10,realized,3,14,both,0.1500,-0.0159,-0.0204,-0.5327,-0.0382,13445
20,10,realized,3,14,both,0.1500,-0.0159,-0.0204,-0.5327,-0.0382,13445
10,10,realized,3,14,both,0.1500,-0.0159,-0.0204,-0.5327,-0.0382,13445
20,40,natr,2,3,both,0.1500,-0.0383,-0.0204,-0.3769,-0.0542,9153
20,10,natr,2,3,both,0.1500,-0.0383,-0.0204,-0.3769,-0.0542,9153
20,20,natr,2,3,both,0.1500,-0.0383,-0.0204,-0.3769,-0.0542,9153
20,10,realized,3,14,both,0.2500,-0.0402,-0.0580,-0.7359,-0.0788,13366
14,10,realized,3,14,both,0.2500,-0.0402,-0.0580,-0.7359,-0.0788,13366
10,10,realized,3,14,both,0.2500,-0.0402,-0.0580,-0.7359,-0.0788,13366
20,10,realized,1,7,both,0.0000,-0.0411,-0.2565,-0.9497,-0.2701,749
10,10,realized,1,7,both,0.0000,-0.0411,-0.2565,-0.9497,-0.2701,749
14,10,realized,1,7,both,0.0000,-0.0411,-0.2565,-0.9497,-0.2701,749
14,10,natr,3,7,both,0.0000,-0.0482,-0.0593,-0.7522,-0.0789,640
14,40,natr,3,7,both,0.0000,-0.0482,-0.0593,-0.7522,-0.0789,640
14,20,natr,3,7,both,0.0000,-0.0482,-0.0593,-0.7522,-0.0789,640
20,10,natr,2,3,both,0.2500,-0.0588,-0.0540,-0.5578,-0.0969,9147
20,20,natr,2,3,both,0.2500,-0.0588,-0.0540,-0.5578,-0.0969,9147
20,40,natr,2,3,both,0.2500,-0.0588,-0.0540,-0.5578,-0.0969,9147
20,40,natr,3,3,both,0.2500,-0.0609,-0.0532,-0.6057,-0.0878,13556
20,20,natr,3,3,both,0.2500,-0.0609,-0.0532,-0.6057,-0.0878,13556
20,10,natr,3,3,both,0.2500,-0.0609,-0.0532,-0.6057,-0.0878,13556
20,40,natr,2,7,both,0.1500,-0.0622,-0.0243,-0.4583,-0.0530,9060
20,20,natr,2,7,both,0.1500,-0.0622,-0.0243,-0.4583,-0.0530,9060
20,10,natr,2,7,both,0.1500,-0.0622,-0.0243,-0.4583,-0.0530,9060
20,20,natr,1,14,both,0.0000,-0.0628,-0.1322,-0.8645,-0.1529,264
20,40,natr,1,14,both,0.0000,-0.0628,-0.1322,-0.8645,-0.1529,264
20,10,natr,1,14,both,0.0000,-0.0628,-0.1322,-0.8645,-0.1529,264
20,20,natr,3,3,both,0.0000,-0.0705,-0.0661,-0.7243,-0.0913,795
20,40,natr,3,3,both,0.0000,-0.0705,-0.0661,-0.7243,-0.0913,795
20,10,natr,3,3,both,0.0000,-0.0705,-0.0661,-0.7243,-0.0913,795
20,40,natr,3,7,both,0.1500,-0.0756,-0.0277,-0.4726,-0.0585,13435
20,20,natr,3,7,both,0.1500,-0.0756,-0.0277,-0.4726,-0.0585,13435
20,10,natr,3,7,both,0.1500,-0.0756,-0.0277,-0.4726,-0.0585,13435
14,20,natr,2,7,both,0.1500,-0.0764,-0.0270,-0.4178,-0.0646,9138
14,40,natr,2,7,both,0.1500,-0.0764,-0.0270,-0.4178,-0.0646,9138
14,10,natr,2,7,both,0.1500,-0.0764,-0.0270,-0.4178,-0.0646,9138
20,10,natr,2,7,both,0.2500,-0.0840,-0.0605,-0.6676,-0.0906,9057
20,40,natr,2,7,both,0.2500,-0.0840,-0.0605,-0.6676,-0.0906,9057
20,20,natr,2,7,both,0.2500,-0.0840,-0.0605,-0.6676,-0.0906,9057
14,10,natr,2,7,both,0.2500,-0.0917,-0.0634,-0.6052,-0.1047,9135
14,40,natr,2,7,both,0.2500,-0.0917,-0.0634,-0.6052,-0.1047,9135
14,20,natr,2,7,both,0.2500,-0.0917,-0.0634,-0.6052,-0.1047,9135
20,10,natr,3,7,both,0.2500,-0.1081,-0.0692,-0.6861,-0.1009,13432
20,40,natr,3,7,both,0.2500,-0.1081,-0.0692,-0.6861,-0.1009,13432
20,20,natr,3,7,both,0.2500,-0.1081,-0.0692,-0.6861,-0.1009,13432
14,10,realized,2,14,both,0.0000,-0.1150,-0.1621,-0.9144,-0.1773,624
10,10,realized,2,14,both,0.0000,-0.1150,-0.1621,-0.9144,-0.1773,624
20,10,realized,2,14,both,0.0000,-0.1150,-0.1621,-0.9144,-0.1773,624
20,10,natr,3,7,both,0.0000,-0.1358,-0.0852,-0.7419,-0.1149,560
20,40,natr,3,7,both,0.0000,-0.1358,-0.0852,-0.7419,-0.1149,560
20,20,natr,3,7,both,0.0000,-0.1358,-0.0852,-0.7419,-0.1149,560
14,40,natr,3,7,both,0.2500,-0.1381,-0.0766,-0.6502,-0.1178,13497
14,20,natr,3,7,both,0.2500,-0.1381,-0.0766,-0.6502,-0.1178,13497
14,10,natr,3,7,both,0.2500,-0.1381,-0.0766,-0.6502,-0.1178,13497
14,40,natr,3,7,both,0.1500,-0.1425,-0.0385,-0.4563,-0.0843,13503
14,20,natr,3,7,both,0.1500,-0.1425,-0.0385,-0.4563,-0.0843,13503
14,10,natr,3,7,both,0.1500,-0.1425,-0.0385,-0.4563,-0.0843,13503
10,40,natr,3,3,both,0.2500,-0.1466,-0.0878,-0.6538,-0.1343,13763
10,10,natr,3,3,both,0.2500,-0.1466,-0.0878,-0.6538,-0.1343,13763
10,20,natr,3,3,both,0.2500,-0.1466,-0.0878,-0.6538,-0.1343,13763
20,10,realized,3,14,both,0.0000,-0.1528,-0.1227,-0.8449,-0.1452,657
10,10,realized,3,14,both,0.0000,-0.1528,-0.1227,-0.8449,-0.1452,657
14,10,realized,3,14,both,0.0000,-0.1528,-0.1227,-0.8449,-0.1452,657
14,20,realized,1,14,both,0.1500,-0.1558,-0.0463,-0.4739,-0.0977,4577
20,20,realized,1,14,both,0.1500,-0.1558,-0.0463,-0.4739,-0.0977,4577
10,20,realized,1,14,both,0.1500,-0.1558,-0.0463,-0.4739,-0.0977,4577
10,20,natr,3,3,both,0.0000,-0.1573,-0.1259,-0.8047,-0.1565,1126
10,10,natr,3,3,both,0.0000,-0.1573,-0.1259,-0.8047,-0.1565,1126
10,40,natr,3,3,both,0.0000,-0.1573,-0.1259,-0.8047,-0.1565,1126
10,10,natr,3,3,both,0.1500,-0.1609,-0.0461,-0.4473,-0.1031,13772
10,20,natr,3,3,both,0.1500,-0.1609,-0.0461,-0.4473,-0.1031,13772
10,40,natr,3,3,both,0.1500,-0.1609,-0.0461,-0.4473,-0.1031,13772
10,20,realized,1,14,both,0.2500,-0.1661,-0.0962,-0.6850,-0.1405,4573
20,20,realized,1,14,both,0.2500,-0.1661,-0.0962,-0.6850,-0.1405,4573
14,20,realized,1,14,both,0.2500,-0.1661,-0.0962,-0.6850,-0.1405,4573
10,20,natr,2,3,both,0.1500,-0.1680,-0.0527,-0.4590,-0.1148,9397
10,10,natr,2,3,both,0.1500,-0.1680,-0.0527,-0.4590,-0.1148,9397
10,40,natr,2,3,both,0.1500,-0.1680,-0.0527,-0.4590,-0.1148,9397
14,10,natr,2,7,both,0.0000,-0.1750,-0.1177,-0.8101,-0.1453,617
14,40,natr,2,7,both,0.0000,-0.1750,-0.1177,-0.8101,-0.1453,617
14,20,natr,2,7,both,0.0000,-0.1750,-0.1177,-0.8101,-0.1453,617
10,40,natr,2,3,both,0.2500,-0.1808,-0.1086,-0.6624,-0.1639,9394
10,20,natr,2,3,both,0.2500,-0.1808,-0.1086,-0.6624,-0.1639,9394
10,10,natr,2,3,both,0.2500,-0.1808,-0.1086,-0.6624,-0.1639,9394
14,10,realized,2,14,both,0.1500,-0.1840,-0.0579,-0.5970,-0.0971,9118
10,10,realized,2,14,both,0.1500,-0.1840,-0.0579,-0.5970,-0.0971,9118
20,10,realized,2,14,both,0.1500,-0.1840,-0.0579,-0.5970,-0.0971,9118
20,10,realized,2,14,both,0.2500,-0.2020,-0.1193,-0.7973,-0.1496,9115
10,10,realized,2,14,both,0.2500,-0.2020,-0.1193,-0.7973,-0.1496,9115
14,10,realized,2,14,both,0.2500,-0.2020,-0.1193,-0.7973,-0.1496,9115
20,20,natr,1,3,both,0.0000,-0.2074,-0.2052,-0.8700,-0.2359,458
20,10,natr,1,3,both,0.0000,-0.2074,-0.2052,-0.8700,-0.2359,458
20,40,natr,1,3,both,0.0000,-0.2074,-0.2052,-0.8700,-0.2359,458
10,20,realized,3,7,both,0.1500,-0.2157,-0.0629,-0.5726,-0.1099,13498
14,20,realized,3,7,both,0.1500,-0.2157,-0.0629,-0.5726,-0.1099,13498
20,20,realized,3,7,both,0.1500,-0.2157,-0.0629,-0.5726,-0.1099,13498
20,20,realized,3,7,both,0.0000,-0.2169,-0.1476,-0.8332,-0.1772,704
14,20,realized,3,7,both,0.0000,-0.2169,-0.1476,-0.8332,-0.1772,704
10,20,realized,3,7,both,0.0000,-0.2169,-0.1476,-0.8332,-0.1772,704
10,10,realized,1,7,both,0.1500,-0.2308,-0.0915,-0.6127,-0.1493,4791
14,10,realized,1,7,both,0.1500,-0.2308,-0.0915,-0.6127,-0.1493,4791
20,10,realized,1,7,both,0.1500,-0.2308,-0.0915,-0.6127,-0.1493,4791
14,10,natr,2,3,both,0.0000,-0.2361,-0.1421,-0.8173,-0.1739,807
14,40,natr,2,3,both,0.0000,-0.2361,-0.1421,-0.8173,-0.1739,807
14,20,natr,2,3,both,0.0000,-0.2361,-0.1421,-0.8173,-0.1739,807
20,10,realized,1,7,both,0.2500,-0.2366,-0.1740,-0.8103,-0.2148,4791
10,10,realized,1,7,both,0.2500,-0.2366,-0.1740,-0.8103,-0.2148,4791
14,10,realized,1,7,both,0.2500,-0.2366,-0.1740,-0.8103,-0.2148,4791
14,10,realized,2,7,both,0.0000,-0.2386,-0.2227,-0.9004,-0.2474,1016
10,10,realized,2,7,both,0.0000,-0.2386,-0.2227,-0.9004,-0.2474,1016
20,10,realized,2,7,both,0.0000,-0.2386,-0.2227,-0.9004,-0.2474,1016
10,10,natr,1,14,both,0.1500,-0.2460,-0.0577,-0.5371,-0.1074,4585
10,20,natr,1,14,both,0.1500,-0.2460,-0.0577,-0.5371,-0.1074,4585
10,40,natr,1,14,both,0.1500,-0.2460,-0.0577,-0.5371,-0.1074,4585
14,20,realized,3,7,both,0.2500,-0.2465,-0.1298,-0.7875,-0.1648,13477
20,20,realized,3,7,both,0.2500,-0.2465,-0.1298,-0.7875,-0.1648,13477
10,20,realized,3,7,both,0.2500,-0.2465,-0.1298,-0.7875,-0.1648,13477
10,20,natr,1,3,both,0.0000,-0.2546,-0.2241,-0.9158,-0.2447,756
10,40,natr,1,3,both,0.0000,-0.2546,-0.2241,-0.9158,-0.2447,756
10,10,natr,1,3,both,0.0000,-0.2546,-0.2241,-0.9158,-0.2447,756
14,40,natr,3,3,both,0.2500,-0.2588,-0.1043,-0.6585,-0.1584,13620
14,20,natr,3,3,both,0.2500,-0.2588,-0.1043,-0.6585,-0.1584,13620
14,10,natr,3,3,both,0.2500,-0.2588,-0.1043,-0.6585,-0.1584,13620
10,40,natr,1,14,both,0.2500,-0.2767,-0.1174,-0.7501,-0.1565,4585
10,10,natr,1,14,both,0.2500,-0.2767,-0.1174,-0.7501,-0.1565,4585
10,20,natr,1,14,both,0.2500,-0.2767,-0.1174,-0.7501,-0.1565,4585
14,20,natr,2,3,both,0.1500,-0.2778,-0.0605,-0.4901,-0.1235,9237
14,10,natr,2,3,both,0.1500,-0.2778,-0.0605,-0.4901,-0.1235,9237
14,40,natr,2,3,both,0.1500,-0.2778,-0.0605,-0.4901,-0.1235,9237
20,40,natr,1,14,both,0.1500,-0.2808,-0.0622,-0.5645,-0.1102,4551
20,20,natr,1,14,both,0.1500,-0.2808,-0.0622,-0.5645,-0.1102,4551
20,10,natr,1,14,both,0.1500,-0.2808,-0.0622,-0.5645,-0.1102,4551
14,20,natr,1,7,both,0.0000,-0.2871,-0.2228,-0.8958,-0.2487,418
14,40,natr,1,7,both,0.0000,-0.2871,-0.2228,-0.8958,-0.2487,418
14,10,natr,1,7,both,0.0000,-0.2871,-0.2228,-0.8958,-0.2487,418
14,10,natr,2,3,both,0.2500,-0.2904,-0.1161,-0.7044,-0.1649,9234
14,40,natr,2,3,both,0.2500,-0.2904,-0.1161,-0.7044,-0.1649,9234
14,20,natr,2,3,both,0.2500,-0.2904,-0.1161,-0.7044,-0.1649,9234
14,20,natr,3,3,both,0.1500,-0.2947,-0.0626,-0.4493,-0.1393,13638
14,10,natr,3,3,both,0.1500,-0.2947,-0.0626,-0.4493,-0.1393,13638
14,40,natr,3,3,both,0.1500,-0.2947,-0.0626,-0.4493,-0.1393,13638
20,40,natr,1,14,both,0.2500,-0.3011,-0.1212,-0.7589,-0.1597,4549
20,20,natr,1,14,both,0.2500,-0.3011,-0.1212,-0.7589,-0.1597,4549
20,10,natr,1,14,both,0.2500,-0.3011,-0.1212,-0.7589,-0.1597,4549
14,20,realized,1,7,both,0.0000,-0.3042,-0.2520,-0.9062,-0.2780,457
10,20,realized,1,7,both,0.0000,-0.3042,-0.2520,-0.9062,-0.2780,457
20,20,realized,1,7,both,0.0000,-0.3042,-0.2520,-0.9062,-0.2780,457
14,10,natr,3,3,both,0.0000,-0.3158,-0.1306,-0.7968,-0.1640,904
14,40,natr,3,3,both,0.0000,-0.3158,-0.1306,-0.7968,-0.1640,904
14,20,natr,3,3,both,0.0000,-0.3158,-0.1306,-0.7968,-0.1640,904
14,20,natr,1,14,both,0.0000,-0.3174,-0.2320,-0.9028,-0.2570,310
14,10,natr,1,14,both,0.0000,-0.3174,-0.2320,-0.9028,-0.2570,310
14,40,natr,1,14,both,0.0000,-0.3174,-0.2320,-0.9028,-0.2570,310
10,10,natr,1,7,both,0.0000,-0.3281,-0.2339,-0.9331,-0.2507,531
10,40,natr,1,7,both,0.0000,-0.3281,-0.2339,-0.9331,-0.2507,531
10,20,natr,1,7,both,0.0000,-0.3281,-0.2339,-0.9331,-0.2507,531
20,10,realized,3,3,both,0.2500,-0.3302,-0.1366,-0.7003,-0.1950,13953
14,10,realized,3,3,both,0.2500,-0.3302,-0.1366,-0.7003,-0.1950,13953
10,10,realized,3,3,both,0.2500,-0.3302,-0.1366,-0.7003,-0.1950,13953
20,20,natr,1,7,both,0.0000,-0.3415,-0.2429,-0.8992,-0.2702,358
20,40,natr,1,7,both,0.0000,-0.3415,-0.2429,-0.8992,-0.2702,358
20,10,natr,1,7,both,0.0000,-0.3415,-0.2429,-0.8992,-0.2702,358
20,40,realized,3,7,both,0.1500,-0.3536,-0.0953,-0.6015,-0.1584,13240
14,40,realized,3,7,both,0.1500,-0.3536,-0.0953,-0.6015,-0.1584,13240
10,40,realized,3,7,both,0.1500,-0.3536,-0.0953,-0.6015,-0.1584,13240
10,10,realized,3,3,both,0.1500,-0.3621,-0.0812,-0.5089,-0.1595,13987
20,10,realized,3,3,both,0.1500,-0.3621,-0.0812,-0.5089,-0.1595,13987
14,10,realized,3,3,both,0.1500,-0.3621,-0.0812,-0.5089,-0.1595,13987
14,20,natr,1,7,both,0.1500,-0.3710,-0.0761,-0.5770,-0.1319,4634
14,40,natr,1,7,both,0.1500,-0.3710,-0.0761,-0.5770,-0.1319,4634
14,10,natr,1,7,both,0.1500,-0.3710,-0.0761,-0.5770,-0.1319,4634
14,10,realized,3,7,both,0.0000,-0.3760,-0.2042,-0.8823,-0.2314,1098
10,10,realized,3,7,both,0.0000,-0.3760,-0.2042,-0.8823,-0.2314,1098
20,10,realized,3,7,both,0.0000,-0.3760,-0.2042,-0.8823,-0.2314,1098
14,10,natr,1,7,both,0.2500,-0.3821,-0.1403,-0.7833,-0.1791,4628
14,40,natr,1,7,both,0.2500,-0.3821,-0.1403,-0.7833,-0.1791,4628
14,20,natr,1,7,both,0.2500,-0.3821,-0.1403,-0.7833,-0.1791,4628
10,10,realized,3,3,both,0.0000,-0.3843,-0.2032,-0.8683,-0.2340,1686
14,10,realized,3,3,both,0.0000,-0.3843,-0.2032,-0.8683,-0.2340,1686
20,10,realized,3,3,both,0.0000,-0.3843,-0.2032,-0.8683,-0.2340,1686
14,40,realized,3,3,both,0.1500,-0.3857,-0.1039,-0.6391,-0.1626,13337
10,40,realized,3,3,both,0.1500,-0.3857,-0.1039,-0.6391,-0.1626,13337
20,40,realized,3,3,both,0.1500,-0.3857,-0.1039,-0.6391,-0.1626,13337
14,40,natr,1,3,both,0.0000,-0.3858,-0.2764,-0.9199,-0.3004,578
14,10,natr,1,3,both,0.0000,-0.3858,-0.2764,-0.9199,-0.3004,578
14,20,natr,1,3,both,0.0000,-0.3858,-0.2764,-0.9199,-0.3004,578
10,10,natr,1,7,both,0.1500,-0.3867,-0.0782,-0.5691,-0.1375,4690
10,40,natr,1,7,both,0.1500,-0.3867,-0.0782,-0.5691,-0.1375,4690
10,20,natr,1,7,both,0.1500,-0.3867,-0.0782,-0.5691,-0.1375,4690
10,10,natr,1,14,both,0.0000,-0.3943,-0.2526,-0.9085,-0.2781,337
10,20,natr,1,14,both,0.0000,-0.3943,-0.2526,-0.9085,-0.2781,337
10,40,natr,1,14,both,0.0000,-0.3943,-0.2526,-0.9085,-0.2781,337
10,40,natr,1,7,both,0.2500,-0.3968,-0.1432,-0.7767,-0.1843,4685
10,20,natr,1,7,both,0.2500,-0.3968,-0.1432,-0.7767,-0.1843,4685
10,10,natr,1,7,both,0.2500,-0.3968,-0.1432,-0.7767,-0.1843,4685
20,40,realized,3,7,both,0.2500,-0.4016,-0.1913,-0.8237,-0.2323,13240
14,40,realized,3,7,both,0.2500,-0.4016,-0.1913,-0.8237,-0.2323,13240
10,40,realized,3,7,both,0.2500,-0.4016,-0.1913,-0.8237,-0.2323,13240
14,20,realized,3,3,both,0.1500,-0.4080,-0.0846,-0.6123,-0.1382,13669
20,20,realized,3,3,both,0.1500,-0.4080,-0.0846,-0.6123,-0.1382,13669
10,20,realized,3,3,both,0.1500,-0.4080,-0.0846,-0.6123,-0.1382,13669
14,40,realized,2,14,both,0.0000,-0.4133,-0.4528,-0.9894,-0.4577,272
10,40,realized,2,14,both,0.0000,-0.4133,-0.4528,-0.9894,-0.4577,272
20,40,realized,2,14,both,0.0000,-0.4133,-0.4528,-0.9894,-0.4577,272
14,10,realized,3,7,both,0.2500,-0.4195,-0.1652,-0.7647,-0.2160,13629
10,10,realized,3,7,both,0.2500,-0.4195,-0.1652,-0.7647,-0.2160,13629
20,10,realized,3,7,both,0.2500,-0.4195,-0.1652,-0.7647,-0.2160,13629
20,10,realized,3,7,both,0.1500,-0.4221,-0.0933,-0.5514,-0.1692,13669
14,10,realized,3,7,both,0.1500,-0.4221,-0.0933,-0.5514,-0.1692,13669
10,10,realized,3,7,both,0.1500,-0.4221,-0.0933,-0.5514,-0.1692,13669
14,20,natr,1,14,both,0.1500,-0.4310,-0.0903,-0.6121,-0.1476,4574
14,10,natr,1,14,both,0.1500,-0.4310,-0.0903,-0.6121,-0.1476,4574
14,40,natr,1,14,both,0.1500,-0.4310,-0.0903,-0.6121,-0.1476,4574
14,40,realized,1,14,short,0.1500,-0.4310,-0.1674,-0.8215,-0.2038,2241
20,40,realized,1,14,short,0.1500,-0.4310,-0.1674,-0.8215,-0.2038,2241
10,40,realized,1,14,short,0.1500,-0.4310,-0.1674,-0.8215,-0.2038,2241
20,40,realized,3,3,both,0.2500,-0.4346,-0.2066,-0.8497,-0.2431,13337
14,40,realized,3,3,both,0.2500,-0.4346,-0.2066,-0.8497,-0.2431,13337
10,40,realized,3,3,both,0.2500,-0.4346,-0.2066,-0.8497,-0.2431,13337
20,40,realized,1,14,both,0.1500,-0.4351,-0.2279,-0.8742,-0.2607,4466
14,40,realized,1,14,both,0.1500,-0.4351,-0.2279,-0.8742,-0.2607,4466
10,40,realized,1,14,both,0.1500,-0.4351,-0.2279,-0.8742,-0.2607,4466
14,10,realized,2,7,both,0.2500,-0.4373,-0.1843,-0.8027,-0.2296,9298
20,10,realized,2,7,both,0.2500,-0.4373,-0.1843,-0.8027,-0.2296,9298
10,10,realized,2,7,both,0.2500,-0.4373,-0.1843,-0.8027,-0.2296,9298
14,40,realized,1,14,both,0.0000,-0.4378,-0.9429,-1.9592,-0.4812,211
20,40,realized,1,14,both,0.0000,-0.4378,-0.9429,-1.9592,-0.4812,211
10,40,realized,1,14,both,0.0000,-0.4378,-0.9429,-1.9592,-0.4812,211
14,40,realized,1,14,both,0.2500,-0.4472,-0.9429,-1.1912,-0.7915,4464
20,40,realized,1,14,both,0.2500,-0.4472,-0.9429,-1.1912,-0.7915,4464
10,40,realized,1,14,both,0.2500,-0.4472,-0.9429,-1.1912,-0.7915,4464
14,20,realized,2,3,both,0.0000,-0.4484,-0.2230,-0.8690,-0.2566,906
10,20,realized,2,3,both,0.0000,-0.4484,-0.2230,-0.8690,-0.2566,906
20,20,realized,2,3,both,0.0000,-0.4484,-0.2230,-0.8690,-0.2566,906
14,10,natr,1,14,both,0.2500,-0.4511,-0.1663,-0.8150,-0.2041,4572
14,20,natr,1,14,both,0.2500,-0.4511,-0.1663,-0.8150,-0.2041,4572
14,40,natr,1,14,both,0.2500,-0.4511,-0.1663,-0.8150,-0.2041,4572
20,40,realized,1,14,short,0.2500,-0.4537,-0.4558,-0.9913,-0.4598,2241
14,40,realized,1,14,short,0.2500,-0.4537,-0.4558,-0.9913,-0.4598,2241
10,40,realized,1,14,short,0.2500,-0.4537,-0.4558,-0.9913,-0.4598,2241
14,10,realized,2,7,both,0.1500,-0.4544,-0.1075,-0.5941,-0.1810,9330
10,10,realized,2,7,both,0.1500,-0.4544,-0.1075,-0.5941,-0.1810,9330
20,10,realized,2,7,both,0.1500,-0.4544,-0.1075,-0.5941,-0.1810,9330
20,20,realized,1,14,short,0.0000,-0.4633,-0.7064,-0.9999,-0.7065,177
14,20,realized,1,14,short,0.0000,-0.4633,-0.7064,-0.9999,-0.7065,177
10,20,realized,1,14,short,0.0000,-0.4633,-0.7064,-0.9999,-0.7065,177
20,20,realized,3,3,both,0.2500,-0.4642,-0.1617,-0.8136,-0.1988,13614
14,20,realized,3,3,both,0.2500,-0.4642,-0.1617,-0.8136,-0.1988,13614
10,20,realized,3,3,both,0.2500,-0.4642,-0.1617,-0.8136,-0.1988,13614
20,10,natr,1,7,both,0.1500,-0.4652,-0.0914,-0.6245,-0.1463,4598
20,20,natr,1,7,both,0.1500,-0.4652,-0.0914,-0.6245,-0.1463,4598
20,40,natr,1,7,both,0.1500,-0.4652,-0.0914,-0.6245,-0.1463,4598
20,40,realized,3,14,both,0.0000,-0.4738,-0.2569,-0.8945,-0.2872,335
10,40,realized,3,14,both,0.0000,-0.4738,-0.2569,-0.8945,-0.2872,335
14,40,realized,3,14,both,0.0000,-0.4738,-0.2569,-0.8945,-0.2872,335
10,40,realized,1,3,both,0.1500,-0.4744,-0.2452,-0.8916,-0.2750,4567
14,40,realized,1,3,both,0.1500,-0.4744,-0.2452,-0.8916,-0.2750,4567
20,40,realized,1,3,both,0.1500,-0.4744,-0.2452,-0.8916,-0.2750,4567
10,40,realized,1,3,both,0.2500,-0.4780,-0.9429,-1.1570,-0.8149,4563
14,40,realized,1,3,both,0.2500,-0.4780,-0.9429,-1.1570,-0.8149,4563
20,40,realized,1,3,both,0.2500,-0.4780,-0.9429,-1.1570,-0.8149,4563
20,10,natr,1,7,both,0.2500,-0.4865,-0.1662,-0.8229,-0.2020,4596
20,20,natr,1,7,both,0.2500,-0.4865,-0.1662,-0.8229,-0.2020,4596
20,40,natr,1,7,both,0.2500,-0.4865,-0.1662,-0.8229,-0.2020,4596
14,40,realized,1,7,both,0.2500,-0.4953,-0.9429,-1.1242,-0.8387,4517
20,40,realized,1,7,both,0.2500,-0.4953,-0.9429,-1.1242,-0.8387,4517
10,40,realized,1,7,both,0.2500,-0.4953,-0.9429,-1.1242,-0.8387,4517
10,10,natr,1,7,short,0.2500,-0.4966,-0.1685,-0.8308,-0.2028,2385
10,40,natr,1,7,short,0.2500,-0.4966,-0.1685,-0.8308,-0.2028,2385
10,20,natr,1,7,short,0.2500,-0.4966,-0.1685,-0.8308,-0.2028,2385
20,40,realized,3,14,both,0.2500,-0.4979,-0.2174,-0.8434,-0.2578,13160
10,40,realized,3,14,both,0.2500,-0.4979,-0.2174,-0.8434,-0.2578,13160
14,40,realized,3,14,both,0.2500,-0.4979,-0.2174,-0.8434,-0.2578,13160
20,40,realized,2,14,short,0.1500,-0.4992,-0.1281,-0.7535,-0.1700,4443
14,40,realized,2,14,short,0.1500,-0.4992,-0.1281,-0.7535,-0.1700,4443
10,40,realized,2,14,short,0.1500,-0.4992,-0.1281,-0.7535,-0.1700,4443
10,20,natr,1,7,short,0.1500,-0.5022,-0.0974,-0.6358,-0.1531,2385
10,40,natr,1,7,short,0.1500,-0.5022,-0.0974,-0.6358,-0.1531,2385
10,10,natr,1,7,short,0.1500,-0.5022,-0.0974,-0.6358,-0.1531,2385
10,10,natr,2,7,short,0.2500,-0.5056,-0.1675,-0.8160,-0.2053,4656
10,40,natr,2,7,short,0.2500,-0.5056,-0.1675,-0.8160,-0.2053,4656
10,20,natr,2,7,short,0.2500,-0.5056,-0.1675,-0.8160,-0.2053,4656
10,10,natr,2,7,short,0.1500,-0.5077,-0.0966,-0.6177,-0.1564,4660
10,40,natr,2,7,short,0.1500,-0.5077,-0.0966,-0.6177,-0.1564,4660
10,20,natr,2,7,short,0.1500,-0.5077,-0.0966,-0.6177,-0.1564,4660
10,40,realized,1,7,both,0.0000,-0.5078,-0.9429,-1.8659,-0.5053,281
14,40,realized,1,7,both,0.0000,-0.5078,-0.9429,-1.8659,-0.5053,281
20,40,realized,1,7,both,0.0000,-0.5078,-0.9429,-1.8659,-0.5053,281
14,40,natr,1,3,both,0.1500,-0.5092,-0.1063,-0.6338,-0.1677,4714
14,20,natr,1,3,both,0.1500,-0.5092,-0.1063,-0.6338,-0.1677,4714
14,10,natr,1,3,both,0.1500,-0.5092,-0.1063,-0.6338,-0.1677,4714
10,40,realized,1,7,both,0.1500,-0.5103,-0.2342,-0.8723,-0.2685,4517
14,40,realized,1,7,both,0.1500,-0.5103,-0.2342,-0.8723,-0.2685,4517
20,40,realized,1,7,both,0.1500,-0.5103,-0.2342,-0.8723,-0.2685,4517
10,40,natr,1,3,both,0.2500,-0.5104,-0.1813,-0.8108,-0.2236,4815
10,10,natr,1,3,both,0.2500,-0.5104,-0.1813,-0.8108,-0.2236,4815
10,20,natr,1,3,both,0.2500,-0.5104,-0.1813,-0.8108,-0.2236,4815
14,40,realized,3,7,both,0.0000,-0.5149,-0.2714,-0.9058,-0.2997,421
10,40,realized,3,7,both,0.0000,-0.5149,-0.2714,-0.9058,-0.2997,421
20,40,realized,3,7,both,0.0000,-0.5149,-0.2714,-0.9058,-0.2997,421
14,20,realized,1,7,both,0.1500,-0.5164,-0.1131,-0.6438,-0.1756,4644
10,20,realized,1,7,both,0.1500,-0.5164,-0.1131,-0.6438,-0.1756,4644
20,20,realized,1,7,both,0.1500,-0.5164,-0.1131,-0.6438,-0.1756,4644
10,10,natr,1,3,both,0.1500,-0.5205,-0.1067,-0.6242,-0.1709,4815
10,40,natr,1,3,both,0.1500,-0.5205,-0.1067,-0.6242,-0.1709,4815
10,20,natr,1,3,both,0.1500,-0.5205,-0.1067,-0.6242,-0.1709,4815
14,20,natr,1,3,both,0.2500,-0.5210,-0.1899,-0.8343,-0.2276,4708
14,10,natr,1,3,both,0.2500,-0.5210,-0.1899,-0.8343,-0.2276,4708
14,40,natr,1,3,both,0.2500,-0.5210,-0.1899,-0.8343,-0.2276,4708
10,40,realized,3,14,both,0.1500,-0.5218,-0.1258,-0.6455,-0.1948,13166
14,40,realized,3,14,both,0.1500,-0.5218,-0.1258,-0.6455,-0.1948,13166
20,40,realized,3,14,both,0.1500,-0.5218,-0.1258,-0.6455,-0.1948,13166
10,40,realized,2,7,both,0.0000,-0.5233,-0.4835,-0.9907,-0.4881,356
20,40,realized,2,7,both,0.0000,-0.5233,-0.4835,-0.9907,-0.4881,356
14,40,realized,2,7,both,0.0000,-0.5233,-0.4835,-0.9907,-0.4881,356
10,40,realized,2,14,both,0.2500,-0.5238,-0.9429,-1.0011,-0.9418,8838
20,40,realized,2,14,both,0.2500,-0.5238,-0.9429,-1.0011,-0.9418,8838
14,40,realized,2,14,both,0.2500,-0.5238,-0.9429,-1.0011,-0.9418,8838
14,20,realized,1,7,both,0.2500,-0.5278,-0.2008,-0.8395,-0.2392,4636
20,20,realized,1,7,both,0.2500,-0.5278,-0.2008,-0.8395,-0.2392,4636
10,20,realized,1,7,both,0.2500,-0.5278,-0.2008,-0.8395,-0.2392,4636
20,40,realized,2,7,both,0.2500,-0.5280,-0.9429,-1.0010,-0.9420,8914
14,40,realized,2,7,both,0.2500,-0.5280,-0.9429,-1.0010,-0.9420,8914
10,40,realized,2,7,both,0.2500,-0.5280,-0.9429,-1.0010,-0.9420,8914
20,20,realized,3,3,both,0.0000,-0.5308,-0.1986,-0.8519,-0.2331,1042
10,20,realized,3,3,both,0.0000,-0.5308,-0.1986,-0.8519,-0.2331,1042
14,20,realized,3,3,both,0.0000,-0.5308,-0.1986,-0.8519,-0.2331,1042
10,40,natr,1,7,short,0.0000,-0.5328,-0.7396,-1.0000,-0.7396,339
10,20,natr,1,7,short,0.0000,-0.5328,-0.7396,-1.0000,-0.7396,339
10,10,natr,1,7,short,0.0000,-0.5328,-0.7396,-1.0000,-0.7396,339
10,10,natr,1,3,short,0.0000,-0.5352,-0.7680,-1.0000,-0.7680,471
10,20,natr,1,3,short,0.0000,-0.5352,-0.7680,-1.0000,-0.7680,471
10,40,natr,1,3,short,0.0000,-0.5352,-0.7680,-1.0000,-0.7680,471
20,40,realized,2,14,short,0.2500,-0.5379,-0.2431,-0.9235,-0.2632,4443
14,40,realized,2,14,short,0.2500,-0.5379,-0.2431,-0.9235,-0.2632,4443
10,40,realized,2,14,short,0.2500,-0.5379,-0.2431,-0.9235,-0.2632,4443
14,40,realized,2,14,both,0.1500,-0.5402,-0.1974,-0.8037,-0.2456,8844
10,40,realized,2,14,both,0.1500,-0.5402,-0.1974,-0.8037,-0.2456,8844
20,40,realized,2,14,both,0.1500,-0.5402,-0.1974,-0.8037,-0.2456,8844
20,40,realized,2,7,both,0.1500,-0.5429,-0.1992,-0.8051,-0.2475,8914
10,40,realized,2,7,both,0.1500,-0.5429,-0.1992,-0.8051,-0.2475,8914
14,40,realized,2,7,both,0.1500,-0.5429,-0.1992,-0.8051,-0.2475,8914
10,20,realized,1,3,both,0.0000,-0.5518,-0.3836,-0.9814,-0.3909,657
20,20,realized,1,3,both,0.0000,-0.5518,-0.3836,-0.9814,-0.3909,657
14,20,realized,1,3,both,0.0000,-0.5518,-0.3836,-0.9814,-0.3909,657
20,20,natr,1,3,both,0.2500,-0.5611,-0.1904,-0.8354,-0.2279,4636
20,10,natr,1,3,both,0.2500,-0.5611,-0.1904,-0.8354,-0.2279,4636
20,40,natr,1,3,both,0.2500,-0.5611,-0.1904,-0.8354,-0.2279,4636
14,40,realized,1,3,both,0.0000,-0.5679,-0.9429,-1.6812,-0.5608,388
20,40,realized,1,3,both,0.0000,-0.5679,-0.9429,-1.6812,-0.5608,388
10,40,realized,1,3,both,0.0000,-0.5679,-0.9429,-1.6812,-0.5608,388
14,20,natr,1,7,short,0.2500,-0.5741,-0.1876,-0.8541,-0.2196,2347
14,40,natr,1,7,short,0.2500,-0.5741,-0.1876,-0.8541,-0.2196,2347
14,10,natr,1,7,short,0.2500,-0.5741,-0.1876,-0.8541,-0.2196,2347
20,20,natr,1,3,both,0.1500,-0.5777,-0.1133,-0.6530,-0.1734,4636
20,10,natr,1,3,both,0.1500,-0.5777,-0.1133,-0.6530,-0.1734,4636
20,40,natr,1,3,both,0.1500,-0.5777,-0.1133,-0.6530,-0.1734,4636
14,20,natr,1,7,short,0.1500,-0.5792,-0.1098,-0.6666,-0.1647,2347
14,40,natr,1,7,short,0.1500,-0.5792,-0.1098,-0.6666,-0.1647,2347
14,10,natr,1,7,short,0.1500,-0.5792,-0.1098,-0.6666,-0.1647,2347
14,40,natr,1,3,short,0.1500,-0.5834,-0.1182,-0.6983,-0.1693,2395
14,20,natr,1,3,short,0.1500,-0.5834,-0.1182,-0.6983,-0.1693,2395
14,10,natr,1,3,short,0.1500,-0.5834,-0.1182,-0.6983,-0.1693,2395
10,10,realized,1,14,short,0.0000,-0.5893,-0.7586,-1.0000,-0.7586,247
20,10,realized,1,14,short,0.0000,-0.5893,-0.7586,-1.0000,-0.7586,247
14,10,realized,1,14,short,0.0000,-0.5893,-0.7586,-1.0000,-0.7586,247
10,40,realized,1,7,short,0.2500,-0.6015,-0.4485,-0.9871,-0.4543,2270
20,40,realized,1,7,short,0.2500,-0.6015,-0.4485,-0.9871,-0.4543,2270
14,40,realized,1,7,short,0.2500,-0.6015,-0.4485,-0.9871,-0.4543,2270
20,20,realized,1,14,short,0.2500,-0.6028,-0.1962,-0.8416,-0.2331,2296
14,20,realized,1,14,short,0.2500,-0.6028,-0.1962,-0.8416,-0.2331,2296
10,20,realized,1,14,short,0.2500,-0.6028,-0.1962,-0.8416,-0.2331,2296
14,40,realized,1,3,short,0.2500,-0.6101,-0.4536,-0.9883,-0.4589,2293
20,40,realized,1,3,short,0.2500,-0.6101,-0.4536,-0.9883,-0.4589,2293
10,40,realized,1,3,short,0.2500,-0.6101,-0.4536,-0.9883,-0.4589,2293
10,40,natr,1,3,short,0.1500,-0.6106,-0.1179,-0.6782,-0.1739,2456
10,10,natr,1,3,short,0.1500,-0.6106,-0.1179,-0.6782,-0.1739,2456
10,20,natr,1,3,short,0.1500,-0.6106,-0.1179,-0.6782,-0.1739,2456
10,20,realized,2,3,both,0.1500,-0.6134,-0.1205,-0.6644,-0.1814,9270
20,20,realized,2,3,both,0.1500,-0.6134,-0.1205,-0.6644,-0.1814,9270
14,20,realized,2,3,both,0.1500,-0.6134,-0.1205,-0.6644,-0.1814,9270
14,20,natr,1,7,short,0.0000,-0.6171,-0.7704,-1.0000,-0.7705,263
14,10,natr,1,7,short,0.0000,-0.6171,-0.7704,-1.0000,-0.7705,263
14,40,natr,1,7,short,0.0000,-0.6171,-0.7704,-1.0000,-0.7705,263
10,10,natr,2,7,short,0.0000,-0.6192,-0.6932,-0.9998,-0.6933,458
10,40,natr,2,7,short,0.0000,-0.6192,-0.6932,-0.9998,-0.6933,458
10,20,natr,2,7,short,0.0000,-0.6192,-0.6932,-0.9998,-0.6933,458
20,40,realized,3,14,short,0.1500,-0.6215,-0.1253,-0.7459,-0.1680,6642
14,40,realized,3,14,short,0.1500,-0.6215,-0.1253,-0.7459,-0.1680,6642
10,40,realized,3,14,short,0.1500,-0.6215,-0.1253,-0.7459,-0.1680,6642
10,40,realized,1,7,short,0.1500,-0.6215,-0.2060,-0.8333,-0.2472,2270
20,40,realized,1,7,short,0.1500,-0.6215,-0.2060,-0.8333,-0.2472,2270
14,40,realized,1,7,short,0.1500,-0.6215,-0.2060,-0.8333,-0.2472,2270
14,40,realized,1,14,short,0.0000,-0.6292,-0.9429,-1.2108,-0.7787,119
20,40,realized,1,14,short,0.0000,-0.6292,-0.9429,-1.2108,-0.7787,119
10,40,realized,1,14,short,0.0000,-0.6292,-0.9429,-1.2108,-0.7787,119
20,10,natr,2,7,short,0.0000,-0.6300,-0.6898,-0.9998,-0.6899,288
20,20,natr,2,7,short,0.0000,-0.6300,-0.6898,-0.9998,-0.6899,288
20,40,natr,2,7,short,0.0000,-0.6300,-0.6898,-0.9998,-0.6899,288
10,40,realized,2,7,short,0.2500,-0.6311,-0.2701,-0.9175,-0.2944,4484
20,40,realized,2,7,short,0.2500,-0.6311,-0.2701,-0.9175,-0.2944,4484
14,40,realized,2,7,short,0.2500,-0.6311,-0.2701,-0.9175,-0.2944,4484
20,20,realized,1,14,short,0.1500,-0.6337,-0.1200,-0.6658,-0.1802,2297
14,20,realized,1,14,short,0.1500,-0.6337,-0.1200,-0.6658,-0.1802,2297
10,20,realized,1,14,short,0.1500,-0.6337,-0.1200,-0.6658,-0.1802,2297
20,20,realized,2,3,both,0.2500,-0.6343,-0.2119,-0.8554,-0.2478,9267
10,20,realized,2,3,both,0.2500,-0.6343,-0.2119,-0.8554,-0.2478,9267
14,20,realized,2,3,both,0.2500,-0.6343,-0.2119,-0.8554,-0.2478,9267
20,40,realized,1,3,short,0.1500,-0.6367,-0.2137,-0.8482,-0.2519,2293
14,40,realized,1,3,short,0.1500,-0.6367,-0.2137,-0.8482,-0.2519,2293
10,40,realized,1,3,short,0.1500,-0.6367,-0.2137,-0.8482,-0.2519,2293
10,40,realized,3,3,both,0.0000,-0.6442,-0.3101,-0.9383,-0.3305,599
14,40,realized,3,3,both,0.0000,-0.6442,-0.3101,-0.9383,-0.3305,599
20,40,realized,3,3,both,0.0000,-0.6442,-0.3101,-0.9383,-0.3305,599
10,40,natr,1,3,short,0.2500,-0.6460,-0.2093,-0.8641,-0.2422,2456
10,20,natr,1,3,short,0.2500,-0.6460,-0.2093,-0.8641,-0.2422,2456
10,10,natr,1,3,short,0.2500,-0.6460,-0.2093,-0.8641,-0.2422,2456
14,20,natr,1,3,short,0.2500,-0.6486,-0.2142,-0.8781,-0.2439,2395
14,10,natr,1,3,short,0.2500,-0.6486,-0.2142,-0.8781,-0.2439,2395
14,40,natr,1,3,short,0.2500,-0.6486,-0.2142,-0.8781,-0.2439,2395
20,20,natr,1,3,short,0.0000,-0.6511,-0.7948,-1.0000,-0.7948,287
20,40,natr,1,3,short,0.0000,-0.6511,-0.7948,-1.0000,-0.7948,287
20,10,natr,1,3,short,0.0000,-0.6511,-0.7948,-1.0000,-0.7948,287
10,40,natr,3,7,short,0.1500,-0.6525,-0.1183,-0.6697,-0.1767,6878
10,10,natr,3,7,short,0.1500,-0.6525,-0.1183,-0.6697,-0.1767,6878
10,20,natr,3,7,short,0.1500,-0.6525,-0.1183,-0.6697,-0.1767,6878
10,20,realized,1,7,short,0.0000,-0.6539,-0.8028,-1.0000,-0.8028,243
20,20,realized,1,7,short,0.0000,-0.6539,-0.8028,-1.0000,-0.8028,243
14,20,realized,1,7,short,0.0000,-0.6539,-0.8028,-1.0000,-0.8028,243
10,10,natr,3,7,short,0.2500,-0.6603,-0.2022,-0.8560,-0.2362,6872
10,20,natr,3,7,short,0.2500,-0.6603,-0.2022,-0.8560,-0.2362,6872
10,40,natr,3,7,short,0.2500,-0.6603,-0.2022,-0.8560,-0.2362,6872
14,10,natr,1,3,short,0.0000,-0.6608,-0.8055,-1.0000,-0.8055,363
14,40,natr,1,3,short,0.0000,-0.6608,-0.8055,-1.0000,-0.8055,363
14,20,natr,1,3,short,0.0000,-0.6608,-0.8055,-1.0000,-0.8055,363
20,10,realized,1,3,both,0.0000,-0.6625,-0.4269,-0.9834,-0.4341,1073
10,10,realized,1,3,both,0.0000,-0.6625,-0.4269,-0.9834,-0.4341,1073
14,10,realized,1,3,both,0.0000,-0.6625,-0.4269,-0.9834,-0.4341,1073
14,40,realized,3,14,short,0.2500,-0.6653,-0.2235,-0.9090,-0.2459,6642
10,40,realized,3,14,short,0.2500,-0.6653,-0.2235,-0.9090,-0.2459,6642
20,40,realized,3,14,short,0.2500,-0.6653,-0.2235,-0.9090,-0.2459,6642
14,40,realized,2,7,short,0.1500,-0.6660,-0.1622,-0.7435,-0.2182,4484
20,40,realized,2,7,short,0.1500,-0.6660,-0.1622,-0.7435,-0.2182,4484
10,40,realized,2,7,short,0.1500,-0.6660,-0.1622,-0.7435,-0.2182,4484
20,10,natr,2,3,short,0.0000,-0.6662,-0.7091,-0.9999,-0.7092,420
20,20,natr,2,3,short,0.0000,-0.6662,-0.7091,-0.9999,-0.7092,420
20,40,natr,2,3,short,0.0000,-0.6662,-0.7091,-0.9999,-0.7092,420
20,10,natr,2,14,short,0.0000,-0.6771,-0.6955,-0.9998,-0.6956,224
20,20,natr,2,14,short,0.0000,-0.6771,-0.6955,-0.9998,-0.6956,224
20,40,natr,2,14,short,0.0000,-0.6771,-0.6955,-0.9998,-0.6956,224
14,40,realized,1,7,short,0.0000,-0.6849,-0.9429,-1.2231,-0.7709,163
20,40,realized,1,7,short,0.0000,-0.6849,-0.9429,-1.2231,-0.7709,163
10,40,realized,1,7,short,0.0000,-0.6849,-0.9429,-1.2231,-0.7709,163
14,40,natr,2,7,short,0.2500,-0.6879,-0.2103,-0.8656,-0.2429,4621
14,10,natr,2,7,short,0.2500,-0.6879,-0.2103,-0.8656,-0.2429,4621
14,20,natr,2,7,short,0.2500,-0.6879,-0.2103,-0.8656,-0.2429,4621
14,10,natr,3,3,short,0.1500,-0.6882,-0.1246,-0.7027,-0.1774,6920
14,40,natr,3,3,short,0.1500,-0.6882,-0.1246,-0.7027,-0.1774,6920
14,20,natr,3,3,short,0.1500,-0.6882,-0.1246,-0.7027,-0.1774,6920
14,20,natr,2,7,short,0.1500,-0.6886,-0.1247,-0.6829,-0.1826,4625
14,10,natr,2,7,short,0.1500,-0.6886,-0.1247,-0.6829,-0.1826,4625
14,40,natr,2,7,short,0.1500,-0.6886,-0.1247,-0.6829,-0.1826,4625
20,40,natr,2,3,short,0.2500,-0.6932,-0.2106,-0.8462,-0.2489,4627
20,20,natr,2,3,short,0.2500,-0.6932,-0.2106,-0.8462,-0.2489,4627
20,10,natr,2,3,short,0.2500,-0.6932,-0.2106,-0.8462,-0.2489,4627
14,20,natr,1,14,short,0.0000,-0.6969,-0.7978,-1.0000,-0.7978,193
14,40,natr,1,14,short,0.0000,-0.6969,-0.7978,-1.0000,-0.7978,193
14,10,natr,1,14,short,0.0000,-0.6969,-0.7978,-1.0000,-0.7978,193
14,10,natr,2,3,short,0.1500,-0.6983,-0.1279,-0.7121,-0.1796,4678
14,20,natr,2,3,short,0.1500,-0.6983,-0.1279,-0.7121,-0.1796,4678
14,40,natr,2,3,short,0.1500,-0.6983,-0.1279,-0.7121,-0.1796,4678
20,10,natr,2,7,short,0.2500,-0.6991,-0.2113,-0.8580,-0.2462,4561
20,20,natr,2,7,short,0.2500,-0.6991,-0.2113,-0.8580,-0.2462,4561
20,40,natr,2,7,short,0.2500,-0.6991,-0.2113,-0.8580,-0.2462,4561
10,20,natr,1,14,short,0.0000,-0.7014,-0.7745,-1.0000,-0.7745,213
10,10,natr,1,14,short,0.0000,-0.7014,-0.7745,-1.0000,-0.7745,213
10,40,natr,1,14,short,0.0000,-0.7014,-0.7745,-1.0000,-0.7745,213
10,20,realized,1,3,both,0.2500,-0.7028,-0.2384,-0.8870,-0.2688,4741
14,20,realized,1,3,both,0.2500,-0.7028,-0.2384,-0.8870,-0.2688,4741
20,20,realized,1,3,both,0.2500,-0.7028,-0.2384,-0.8870,-0.2688,4741
10,20,realized,1,3,both,0.1500,-0.7084,-0.1419,-0.7178,-0.1977,4741
14,20,realized,1,3,both,0.1500,-0.7084,-0.1419,-0.7178,-0.1977,4741
20,20,realized,1,3,both,0.1500,-0.7084,-0.1419,-0.7178,-0.1977,4741
10,40,natr,2,3,short,0.0000,-0.7089,-0.7231,-0.9999,-0.7232,632
10,20,natr,2,3,short,0.0000,-0.7089,-0.7231,-0.9999,-0.7232,632
10,10,natr,2,3,short,0.0000,-0.7089,-0.7231,-0.9999,-0.7232,632
20,20,natr,2,14,short,0.2500,-0.7102,-0.2129,-0.8600,-0.2476,4529
20,40,natr,2,14,short,0.2500,-0.7102,-0.2129,-0.8600,-0.2476,4529
20,10,natr,2,14,short,0.2500,-0.7102,-0.2129,-0.8600,-0.2476,4529
20,20,natr,2,3,short,0.1500,-0.7194,-0.1303,-0.6716,-0.1941,4627
20,40,natr,2,3,short,0.1500,-0.7194,-0.1303,-0.6716,-0.1941,4627
20,10,natr,2,3,short,0.1500,-0.7194,-0.1303,-0.6716,-0.1941,4627
10,10,natr,3,14,short,0.0000,-0.7199,-0.6843,-0.9998,-0.6845,321
10,20,natr,3,14,short,0.0000,-0.7199,-0.6843,-0.9998,-0.6845,321
10,40,natr,3,14,short,0.0000,-0.7199,-0.6843,-0.9998,-0.6845,321
20,20,natr,1,14,short,0.0000,-0.7234,-0.7786,-1.0000,-0.7786,181
20,10,natr,1,14,short,0.0000,-0.7234,-0.7786,-1.0000,-0.7786,181
20,40,natr,1,14,short,0.0000,-0.7234,-0.7786,-1.0000,-0.7786,181
14,40,realized,2,3,both,0.0000,-0.7247,-0.5387,-0.9959,-0.5409,491
20,40,realized,2,3,both,0.0000,-0.7247,-0.5387,-0.9959,-0.5409,491
10,40,realized,2,3,both,0.0000,-0.7247,-0.5387,-0.9959,-0.5409,491
14,40,realized,3,7,short,0.2500,-0.7283,-0.2400,-0.8941,-0.2684,6682
20,40,realized,3,7,short,0.2500,-0.7283,-0.2400,-0.8941,-0.2684,6682
10,40,realized,3,7,short,0.2500,-0.7283,-0.2400,-0.8941,-0.2684,6682
20,10,natr,2,7,short,0.1500,-0.7313,-0.1318,-0.6897,-0.1911,4561
20,40,natr,2,7,short,0.1500,-0.7313,-0.1318,-0.6897,-0.1911,4561
20,20,natr,2,7,short,0.1500,-0.7313,-0.1318,-0.6897,-0.1911,4561
10,20,natr,2,3,short,0.1500,-0.7335,-0.1305,-0.6914,-0.1887,4757
10,40,natr,2,3,short,0.1500,-0.7335,-0.1305,-0.6914,-0.1887,4757
10,10,natr,2,3,short,0.1500,-0.7335,-0.1305,-0.6914,-0.1887,4757
14,40,natr,3,7,short,0.1500,-0.7405,-0.1322,-0.7006,-0.1887,6844
14,10,natr,3,7,short,0.1500,-0.7405,-0.1322,-0.7006,-0.1887,6844
14,20,natr,3,7,short,0.1500,-0.7405,-0.1322,-0.7006,-0.1887,6844
14,40,realized,1,3,short,0.0000,-0.7406,-0.8670,-1.1347,-0.7641,211
20,40,realized,1,3,short,0.0000,-0.7406,-0.8670,-1.1347,-0.7641,211
10,40,realized,1,3,short,0.0000,-0.7406,-0.8670,-1.1347,-0.7641,211
20,10,natr,2,14,short,0.1500,-0.7423,-0.1330,-0.6941,-0.1916,4529
20,20,natr,2,14,short,0.1500,-0.7423,-0.1330,-0.6941,-0.1916,4529
20,40,natr,2,14,short,0.1500,-0.7423,-0.1330,-0.6941,-0.1916,4529
14,40,natr,3,3,short,0.2500,-0.7469,-0.2205,-0.8792,-0.2508,6920
14,20,natr,3,3,short,0.2500,-0.7469,-0.2205,-0.8792,-0.2508,6920
14,10,natr,3,3,short,0.2500,-0.7469,-0.2205,-0.8792,-0.2508,6920
14,40,natr,3,7,short,0.2500,-0.7490,-0.2232,-0.8780,-0.2542,6838
14,20,natr,3,7,short,0.2500,-0.7490,-0.2232,-0.8780,-0.2542,6838
14,10,natr,3,7,short,0.2500,-0.7490,-0.2232,-0.8780,-0.2542,6838
10,40,natr,2,14,short,0.0000,-0.7509,-0.7238,-0.9999,-0.7239,278
10,20,natr,2,14,short,0.0000,-0.7509,-0.7238,-0.9999,-0.7239,278
10,10,natr,2,14,short,0.0000,-0.7509,-0.7238,-0.9999,-0.7239,278
14,40,realized,2,3,both,0.2500,-0.7526,-0.5186,-0.9943,-0.5215,8981
10,40,realized,2,3,both,0.2500,-0.7526,-0.5186,-0.9943,-0.5215,8981
20,40,realized,2,3,both,0.2500,-0.7526,-0.5186,-0.9943,-0.5215,8981
20,40,realized,3,7,short,0.1500,-0.7545,-0.1500,-0.7216,-0.2079,6682
14,40,realized,3,7,short,0.1500,-0.7545,-0.1500,-0.7216,-0.2079,6682
10,40,realized,3,7,short,0.1500,-0.7545,-0.1500,-0.7216,-0.2079,6682
10,10,natr,3,14,short,0.2500,-0.7559,-0.2246,-0.8656,-0.2594,6786
10,40,natr,3,14,short,0.2500,-0.7559,-0.2246,-0.8656,-0.2594,6786
10,20,natr,3,14,short,0.2500,-0.7559,-0.2246,-0.8656,-0.2594,6786
10,40,natr,3,7,short,0.0000,-0.7562,-0.6993,-0.9999,-0.6994,463
10,20,natr,3,7,short,0.0000,-0.7562,-0.6993,-0.9999,-0.6994,463
10,10,natr,3,7,short,0.0000,-0.7562,-0.6993,-0.9999,-0.6994,463
14,40,realized,2,3,both,0.1500,-0.7566,-0.2387,-0.8722,-0.2737,8981
10,40,realized,2,3,both,0.1500,-0.7566,-0.2387,-0.8722,-0.2737,8981
20,40,realized,2,3,both,0.1500,-0.7566,-0.2387,-0.8722,-0.2737,8981
10,10,natr,2,3,short,0.2500,-0.7597,-0.2250,-0.8719,-0.2580,4757
10,40,natr,2,3,short,0.2500,-0.7597,-0.2250,-0.8719,-0.2580,4757
10,20,natr,2,3,short,0.2500,-0.7597,-0.2250,-0.8719,-0.2580,4757
14,20,natr,2,3,short,0.2500,-0.7602,-0.2259,-0.8857,-0.2551,4678
14,10,natr,2,3,short,0.2500,-0.7602,-0.2259,-0.8857,-0.2551,4678
14,40,natr,2,3,short,0.2500,-0.7602,-0.2259,-0.8857,-0.2551,4678
10,20,natr,1,14,short,0.2500,-0.7616,-0.2345,-0.8913,-0.2631,2315
10,40,natr,1,14,short,0.2500,-0.7616,-0.2345,-0.8913,-0.2631,2315
10,10,natr,1,14,short,0.2500,-0.7616,-0.2345,-0.8913,-0.2631,2315
14,40,natr,3,14,short,0.0000,-0.7671,-0.6964,-0.9998,-0.6965,295
14,10,natr,3,14,short,0.0000,-0.7671,-0.6964,-0.9998,-0.6965,295
14,20,natr,3,14,short,0.0000,-0.7671,-0.6964,-0.9998,-0.6965,295
14,20,natr,3,7,short,0.0000,-0.7688,-0.7009,-0.9999,-0.7010,395
14,10,natr,3,7,short,0.0000,-0.7688,-0.7009,-0.9999,-0.7010,395
14,40,natr,3,7,short,0.0000,-0.7688,-0.7009,-0.9999,-0.7010,395
20,20,realized,2,14,short,0.0000,-0.7692,-0.7172,-0.9999,-0.7173,272
10,20,realized,2,14,short,0.0000,-0.7692,-0.7172,-0.9999,-0.7173,272
14,20,realized,2,14,short,0.0000,-0.7692,-0.7172,-0.9999,-0.7173,272
10,10,natr,2,14,short,0.2500,-0.7741,-0.2307,-0.8780,-0.2628,4556
10,40,natr,2,14,short,0.2500,-0.7741,-0.2307,-0.8780,-0.2628,4556
10,20,natr,2,14,short,0.2500,-0.7741,-0.2307,-0.8780,-0.2628,4556
20,40,realized,2,3,short,0.2500,-0.7782,-0.2939,-0.9360,-0.3140,4529
14,40,realized,2,3,short,0.2500,-0.7782,-0.2939,-0.9360,-0.3140,4529
10,40,realized,2,3,short,0.2500,-0.7782,-0.2939,-0.9360,-0.3140,4529
10,40,natr,1,14,short,0.1500,-0.7873,-0.1439,-0.7290,-0.1974,2316
10,10,natr,1,14,short,0.1500,-0.7873,-0.1439,-0.7290,-0.1974,2316
10,20,natr,1,14,short,0.1500,-0.7873,-0.1439,-0.7290,-0.1974,2316
10,20,natr,3,14,short,0.1500,-0.7873,-0.1399,-0.6977,-0.2005,6786
10,10,natr,3,14,short,0.1500,-0.7873,-0.1399,-0.6977,-0.2005,6786
10,40,natr,3,14,short,0.1500,-0.7873,-0.1399,-0.6977,-0.2005,6786
14,20,natr,2,14,short,0.0000,-0.7904,-0.7387,-0.9999,-0.7387,268
14,10,natr,2,14,short,0.0000,-0.7904,-0.7387,-0.9999,-0.7387,268
14,40,natr,2,14,short,0.0000,-0.7904,-0.7387,-0.9999,-0.7387,268
10,20,realized,2,14,short,0.2500,-0.7945,-0.2330,-0.8759,-0.2660,4553
20,20,realized,2,14,short,0.2500,-0.7945,-0.2330,-0.8759,-0.2660,4553
14,20,realized,2,14,short,0.2500,-0.7945,-0.2330,-0.8759,-0.2660,4553
14,40,natr,2,7,short,0.0000,-0.7947,-0.7432,-0.9999,-0.7433,388
14,20,natr,2,7,short,0.0000,-0.7947,-0.7432,-0.9999,-0.7433,388
14,10,natr,2,7,short,0.0000,-0.7947,-0.7432,-0.9999,-0.7433,388
14,10,natr,2,3,short,0.0000,-0.7948,-0.7459,-1.0000,-0.7460,502
14,20,natr,2,3,short,0.0000,-0.7948,-0.7459,-1.0000,-0.7460,502
14,40,natr,2,3,short,0.0000,-0.7948,-0.7459,-1.0000,-0.7460,502
20,10,natr,1,14,short,0.2500,-0.7961,-0.2386,-0.8857,-0.2694,2299
20,40,natr,1,14,short,0.2500,-0.7961,-0.2386,-0.8857,-0.2694,2299
20,20,natr,1,14,short,0.2500,-0.7961,-0.2386,-0.8857,-0.2694,2299
20,20,natr,1,3,short,0.2500,-0.7978,-0.2426,-0.8922,-0.2719,2352
20,40,natr,1,3,short,0.2500,-0.7978,-0.2426,-0.8922,-0.2719,2352
20,10,natr,1,3,short,0.2500,-0.7978,-0.2426,-0.8922,-0.2719,2352
10,20,natr,2,14,short,0.1500,-0.8019,-0.1430,-0.7127,-0.2006,4556
10,10,natr,2,14,short,0.1500,-0.8019,-0.1430,-0.7127,-0.2006,4556
10,40,natr,2,14,short,0.1500,-0.8019,-0.1430,-0.7127,-0.2006,4556
20,20,natr,1,7,short,0.0000,-0.8025,-0.8178,-1.0000,-0.8178,237
20,10,natr,1,7,short,0.0000,-0.8025,-0.8178,-1.0000,-0.8178,237
20,40,natr,1,7,short,0.0000,-0.8025,-0.8178,-1.0000,-0.8178,237
10,40,realized,2,3,short,0.1500,-0.8031,-0.1803,-0.7848,-0.2298,4529
20,40,realized,2,3,short,0.1500,-0.8031,-0.1803,-0.7848,-0.2298,4529
14,40,realized,2,3,short,0.1500,-0.8031,-0.1803,-0.7848,-0.2298,4529
14,10,natr,1,14,short,0.2500,-0.8048,-0.2489,-0.8986,-0.2770,2305
14,20,natr,1,14,short,0.2500,-0.8048,-0.2489,-0.8986,-0.2770,2305
14,40,natr,1,14,short,0.2500,-0.8048,-0.2489,-0.8986,-0.2770,2305
20,40,realized,2,7,short,0.0000,-0.8083,-0.9429,-1.0444,-0.9028,218
14,40,realized,2,7,short,0.0000,-0.8083,-0.9429,-1.0444,-0.9028,218
10,40,realized,2,7,short,0.0000,-0.8083,-0.9429,-1.0444,-0.9028,218
20,10,natr,3,14,short,0.0000,-0.8094,-0.7082,-0.9999,-0.7083,257
20,40,natr,3,14,short,0.0000,-0.8094,-0.7082,-0.9999,-0.7083,257
20,20,natr,3,14,short,0.0000,-0.8094,-0.7082,-0.9999,-0.7083,257
10,40,realized,3,3,short,0.2500,-0.8161,-0.2600,-0.9060,-0.2869,6736
14,40,realized,3,3,short,0.2500,-0.8161,-0.2600,-0.9060,-0.2869,6736
20,40,realized,3,3,short,0.2500,-0.8161,-0.2600,-0.9060,-0.2869,6736
14,20,natr,2,14,short,0.2500,-0.8163,-0.2428,-0.8850,-0.2743,4551
14,10,natr,2,14,short,0.2500,-0.8163,-0.2428,-0.8850,-0.2743,4551
14,40,natr,2,14,short,0.2500,-0.8163,-0.2428,-0.8850,-0.2743,4551
20,40,natr,1,14,short,0.1500,-0.8186,-0.1485,-0.7263,-0.2045,2299
20,10,natr,1,14,short,0.1500,-0.8186,-0.1485,-0.7263,-0.2045,2299
20,20,natr,1,14,short,0.1500,-0.8186,-0.1485,-0.7263,-0.2045,2299
10,10,realized,2,3,short,0.1500,-0.8187,-0.1474,-0.7462,-0.1975,4842
14,10,realized,2,3,short,0.1500,-0.8187,-0.1474,-0.7462,-0.1975,4842
20,10,realized,2,3,short,0.1500,-0.8187,-0.1474,-0.7462,-0.1975,4842
20,10,natr,3,3,short,0.0000,-0.8196,-0.7108,-0.9999,-0.7109,507
20,40,natr,3,3,short,0.0000,-0.8196,-0.7108,-0.9999,-0.7109,507
20,20,natr,3,3,short,0.0000,-0.8196,-0.7108,-0.9999,-0.7109,507
20,40,natr,1,3,short,0.1500,-0.8219,-0.1512,-0.7340,-0.2060,2352
20,20,natr,1,3,short,0.1500,-0.8219,-0.1512,-0.7340,-0.2060,2352
20,10,natr,1,3,short,0.1500,-0.8219,-0.1512,-0.7340,-0.2060,2352
20,20,realized,2,14,short,0.1500,-0.8248,-0.1462,-0.7133,-0.2049,4553
14,20,realized,2,14,short,0.1500,-0.8248,-0.1462,-0.7133,-0.2049,4553
10,20,realized,2,14,short,0.1500,-0.8248,-0.1462,-0.7133,-0.2049,4553
14,20,realized,2,7,short,0.0000,-0.8251,-0.7684,-1.0000,-0.7684,362
10,20,realized,2,7,short,0.0000,-0.8251,-0.7684,-1.0000,-0.7684,362
20,20,realized,2,7,short,0.0000,-0.8251,-0.7684,-1.0000,-0.7684,362
14,20,realized,3,14,short,0.0000,-0.8268,-0.7034,-0.9999,-0.7035,343
20,20,realized,3,14,short,0.0000,-0.8268,-0.7034,-0.9999,-0.7035,343
10,20,realized,3,14,short,0.0000,-0.8268,-0.7034,-0.9999,-0.7035,343
14,40,natr,1,14,short,0.1500,-0.8269,-0.1547,-0.7424,-0.2083,2305
14,10,natr,1,14,short,0.1500,-0.8269,-0.1547,-0.7424,-0.2083,2305
14,20,natr,1,14,short,0.1500,-0.8269,-0.1547,-0.7424,-0.2083,2305
14,10,natr,3,3,short,0.0000,-0.8295,-0.7213,-0.9999,-0.7214,559
14,20,natr,3,3,short,0.0000,-0.8295,-0.7213,-0.9999,-0.7214,559
14,40,natr,3,3,short,0.0000,-0.8295,-0.7213,-0.9999,-0.7214,559
20,40,natr,3,3,short,0.2500,-0.8313,-0.2391,-0.8769,-0.2727,6879
20,10,natr,3,3,short,0.2500,-0.8313,-0.2391,-0.8769,-0.2727,6879
20,20,natr,3,3,short,0.2500,-0.8313,-0.2391,-0.8769,-0.2727,6879
20,40,natr,3,7,short,0.0000,-0.8343,-0.7200,-0.9999,-0.7200,353
20,10,natr,3,7,short,0.0000,-0.8343,-0.7200,-0.9999,-0.7200,353
20,20,natr,3,7,short,0.0000,-0.8343,-0.7200,-0.9999,-0.7200,353
20,40,realized,3,3,short,0.1500,-0.8406,-0.1636,-0.7407,-0.2208,6736
14,40,realized,3,3,short,0.1500,-0.8406,-0.1636,-0.7407,-0.2208,6736
10,40,realized,3,3,short,0.1500,-0.8406,-0.1636,-0.7407,-0.2208,6736
20,20,realized,2,7,short,0.2500,-0.8408,-0.2488,-0.8916,-0.2791,4598
10,20,realized,2,7,short,0.2500,-0.8408,-0.2488,-0.8916,-0.2791,4598
14,20,realized,2,7,short,0.2500,-0.8408,-0.2488,-0.8916,-0.2791,4598
10,20,realized,1,3,short,0.0000,-0.8426,-0.9429,-1.0001,-0.9427,353
20,20,realized,1,3,short,0.0000,-0.8426,-0.9429,-1.0001,-0.9427,353
14,20,realized,1,3,short,0.0000,-0.8426,-0.9429,-1.0001,-0.9427,353
20,40,natr,1,7,short,0.2500,-0.8427,-0.2467,-0.8973,-0.2750,2327
20,10,natr,1,7,short,0.2500,-0.8427,-0.2467,-0.8973,-0.2750,2327
20,20,natr,1,7,short,0.2500,-0.8427,-0.2467,-0.8973,-0.2750,2327
10,10,realized,1,3,short,0.1500,-0.8434,-0.1607,-0.7737,-0.2078,2497
20,10,realized,1,3,short,0.1500,-0.8434,-0.1607,-0.7737,-0.2078,2497
14,10,realized,1,3,short,0.1500,-0.8434,-0.1607,-0.7737,-0.2078,2497
14,20,natr,2,14,short,0.1500,-0.8459,-0.1523,-0.7257,-0.2099,4551
14,40,natr,2,14,short,0.1500,-0.8459,-0.1523,-0.7257,-0.2099,4551
14,10,natr,2,14,short,0.1500,-0.8459,-0.1523,-0.7257,-0.2099,4551
14,10,realized,1,3,both,0.1500,-0.8463,-0.1718,-0.7649,-0.2247,4956
10,10,realized,1,3,both,0.1500,-0.8463,-0.1718,-0.7649,-0.2247,4956
20,10,realized,1,3,both,0.1500,-0.8463,-0.1718,-0.7649,-0.2247,4956
10,40,natr,3,3,short,0.1500,-0.8480,-0.1460,-0.7272,-0.2008,6993
10,10,natr,3,3,short,0.1500,-0.8480,-0.1460,-0.7272,-0.2008,6993
10,20,natr,3,3,short,0.1500,-0.8480,-0.1460,-0.7272,-0.2008,6993
20,40,natr,3,14,short,0.2500,-0.8483,-0.2451,-0.8820,-0.2779,6754
20,20,natr,3,14,short,0.2500,-0.8483,-0.2451,-0.8820,-0.2779,6754
20,10,natr,3,14,short,0.2500,-0.8483,-0.2451,-0.8820,-0.2779,6754
20,10,realized,1,3,both,0.2500,-0.8506,-0.2871,-0.9219,-0.3114,4954
14,10,realized,1,3,both,0.2500,-0.8506,-0.2871,-0.9219,-0.3114,4954
10,10,realized,1,3,both,0.2500,-0.8506,-0.2871,-0.9219,-0.3114,4954
10,40,realized,2,14,short,0.0000,-0.8522,-0.9429,-1.0635,-0.8866,160
14,40,realized,2,14,short,0.0000,-0.8522,-0.9429,-1.0635,-0.8866,160
20,40,realized,2,14,short,0.0000,-0.8522,-0.9429,-1.0635,-0.8866,160
10,10,realized,3,3,short,0.1500,-0.8528,-0.1499,-0.7514,-0.1995,7135
14,10,realized,3,3,short,0.1500,-0.8528,-0.1499,-0.7514,-0.1995,7135
20,10,realized,3,3,short,0.1500,-0.8528,-0.1499,-0.7514,-0.1995,7135
20,20,natr,3,3,short,0.1500,-0.8555,-0.1507,-0.7155,-0.2106,6879
20,40,natr,3,3,short,0.1500,-0.8555,-0.1507,-0.7155,-0.2106,6879
20,10,natr,3,3,short,0.1500,-0.8555,-0.1507,-0.7155,-0.2106,6879
14,40,natr,3,14,short,0.2500,-0.8596,-0.2480,-0.8876,-0.2794,6773
14,20,natr,3,14,short,0.2500,-0.8596,-0.2480,-0.8876,-0.2794,6773
14,10,natr,3,14,short,0.2500,-0.8596,-0.2480,-0.8876,-0.2794,6773
10,10,realized,1,14,short,0.2500,-0.8615,-0.2644,-0.9023,-0.2930,2332
14,10,realized,1,14,short,0.2500,-0.8615,-0.2644,-0.9023,-0.2930,2332
20,10,realized,1,14,short,0.2500,-0.8615,-0.2644,-0.9023,-0.2930,2332
20,40,natr,3,7,short,0.2500,-0.8626,-0.2486,-0.8888,-0.2797,6802
20,10,natr,3,7,short,0.2500,-0.8626,-0.2486,-0.8888,-0.2797,6802
20,20,natr,3,7,short,0.2500,-0.8626,-0.2486,-0.8888,-0.2797,6802
20,20,natr,1,7,short,0.1500,-0.8643,-0.1541,-0.7423,-0.2077,2327
20,10,natr,1,7,short,0.1500,-0.8643,-0.1541,-0.7423,-0.2077,2327
20,40,natr,1,7,short,0.1500,-0.8643,-0.1541,-0.7423,-0.2077,2327
10,10,natr,3,3,short,0.2500,-0.8674,-0.2463,-0.8949,-0.2752,6990
10,40,natr,3,3,short,0.2500,-0.8674,-0.2463,-0.8949,-0.2752,6990
10,20,natr,3,3,short,0.2500,-0.8674,-0.2463,-0.8949,-0.2752,6990
20,20,realized,2,7,short,0.1500,-0.8699,-0.1563,-0.7346,-0.2128,4598
10,20,realized,2,7,short,0.1500,-0.8699,-0.1563,-0.7346,-0.2128,4598
14,20,realized,2,7,short,0.1500,-0.8699,-0.1563,-0.7346,-0.2128,4598
14,10,realized,2,3,both,0.2500,-0.8711,-0.2561,-0.8781,-0.2917,9586
10,10,realized,2,3,both,0.2500,-0.8711,-0.2561,-0.8781,-0.2917,9586
20,10,realized,2,3,both,0.2500,-0.8711,-0.2561,-0.8781,-0.2917,9586
20,40,natr,3,14,short,0.1500,-0.8731,-0.1524,-0.7177,-0.2124,6757
20,20,natr,3,14,short,0.1500,-0.8731,-0.1524,-0.7177,-0.2124,6757
20,10,natr,3,14,short,0.1500,-0.8731,-0.1524,-0.7177,-0.2124,6757
14,10,realized,2,3,short,0.2500,-0.8747,-0.2537,-0.9077,-0.2796,4842
20,10,realized,2,3,short,0.2500,-0.8747,-0.2537,-0.9077,-0.2796,4842
10,10,realized,2,3,short,0.2500,-0.8747,-0.2537,-0.9077,-0.2796,4842
20,10,realized,2,3,both,0.0000,-0.8784,-0.3521,-0.9565,-0.3681,1535
14,10,realized,2,3,both,0.0000,-0.8784,-0.3521,-0.9565,-0.3681,1535
10,10,realized,2,3,both,0.0000,-0.8784,-0.3521,-0.9565,-0.3681,1535
10,10,realized,1,14,short,0.1500,-0.8825,-0.1649,-0.7472,-0.2208,2332
14,10,realized,1,14,short,0.1500,-0.8825,-0.1649,-0.7472,-0.2208,2332
20,10,realized,1,14,short,0.1500,-0.8825,-0.1649,-0.7472,-0.2208,2332
14,10,natr,3,14,short,0.1500,-0.8842,-0.1544,-0.7258,-0.2127,6776
14,40,natr,3,14,short,0.1500,-0.8842,-0.1544,-0.7258,-0.2127,6776
14,20,natr,3,14,short,0.1500,-0.8842,-0.1544,-0.7258,-0.2127,6776
14,20,realized,3,14,short,0.2500,-0.8858,-0.2526,-0.8930,-0.2829,6797
10,20,realized,3,14,short,0.2500,-0.8858,-0.2526,-0.8930,-0.2829,6797
20,20,realized,3,14,short,0.2500,-0.8858,-0.2526,-0.8930,-0.2829,6797
20,40,natr,3,7,short,0.1500,-0.8872,-0.1548,-0.7276,-0.2127,6805
20,20,natr,3,7,short,0.1500,-0.8872,-0.1548,-0.7276,-0.2127,6805
20,10,natr,3,7,short,0.1500,-0.8872,-0.1548,-0.7276,-0.2127,6805
14,20,realized,1,3,short,0.2500,-0.8905,-0.2700,-0.9134,-0.2956,2385
20,20,realized,1,3,short,0.2500,-0.8905,-0.2700,-0.9134,-0.2956,2385
10,20,realized,1,3,short,0.2500,-0.8905,-0.2700,-0.9134,-0.2956,2385
20,20,realized,1,7,short,0.2500,-0.8914,-0.2695,-0.9106,-0.2960,2329
10,20,realized,1,7,short,0.2500,-0.8914,-0.2695,-0.9106,-0.2960,2329
14,20,realized,1,7,short,0.2500,-0.8914,-0.2695,-0.9106,-0.2960,2329
14,10,realized,2,3,both,0.1500,-0.8944,-0.1582,-0.7082,-0.2234,9597
20,10,realized,2,3,both,0.1500,-0.8944,-0.1582,-0.7082,-0.2234,9597
10,10,realized,2,3,both,0.1500,-0.8944,-0.1582,-0.7082,-0.2234,9597
10,10,natr,3,3,short,0.0000,-0.8979,-0.7430,-0.9999,-0.7431,663
10,40,natr,3,3,short,0.0000,-0.8979,-0.7430,-0.9999,-0.7431,663
10,20,natr,3,3,short,0.0000,-0.8979,-0.7430,-0.9999,-0.7431,663
10,10,realized,3,3,short,0.2500,-0.9018,-0.2561,-0.9105,-0.2813,7135
20,10,realized,3,3,short,0.2500,-0.9018,-0.2561,-0.9105,-0.2813,7135
14,10,realized,3,3,short,0.2500,-0.9018,-0.2561,-0.9105,-0.2813,7135
10,10,realized,1,3,short,0.2500,-0.9046,-0.2759,-0.9250,-0.2982,2497
14,10,realized,1,3,short,0.2500,-0.9046,-0.2759,-0.9250,-0.2982,2497
20,10,realized,1,3,short,0.2500,-0.9046,-0.2759,-0.9250,-0.2982,2497
20,20,realized,3,14,short,0.1500,-0.9102,-0.1575,-0.7340,-0.2146,6800
14,20,realized,3,14,short,0.1500,-0.9102,-0.1575,-0.7340,-0.2146,6800
10,20,realized,3,14,short,0.1500,-0.9102,-0.1575,-0.7340,-0.2146,6800
14,20,realized,1,3,short,0.1500,-0.9123,-0.1685,-0.7641,-0.2205,2385
20,20,realized,1,3,short,0.1500,-0.9123,-0.1685,-0.7641,-0.2205,2385
10,20,realized,1,3,short,0.1500,-0.9123,-0.1685,-0.7641,-0.2205,2385
14,10,realized,2,7,short,0.1500,-0.9147,-0.1607,-0.7538,-0.2132,4723
10,10,realized,2,7,short,0.1500,-0.9147,-0.1607,-0.7538,-0.2132,4723
20,10,realized,2,7,short,0.1500,-0.9147,-0.1607,-0.7538,-0.2132,4723
10,10,realized,2,7,short,0.2500,-0.9156,-0.2642,-0.9123,-0.2896,4719
14,10,realized,2,7,short,0.2500,-0.9156,-0.2642,-0.9123,-0.2896,4719
20,10,realized,2,7,short,0.2500,-0.9156,-0.2642,-0.9123,-0.2896,4719
20,20,realized,1,7,short,0.1500,-0.9183,-0.1683,-0.7598,-0.2215,2330
14,20,realized,1,7,short,0.1500,-0.9183,-0.1683,-0.7598,-0.2215,2330
10,20,realized,1,7,short,0.1500,-0.9183,-0.1683,-0.7598,-0.2215,2330
20,10,realized,1,7,short,0.0000,-0.9233,-0.8384,-1.0000,-0.8384,405
14,10,realized,1,7,short,0.0000,-0.9233,-0.8384,-1.0000,-0.8384,405
10,10,realized,1,7,short,0.0000,-0.9233,-0.8384,-1.0000,-0.8384,405
10,10,realized,3,7,short,0.1500,-0.9250,-0.1627,-0.7591,-0.2144,6986
14,10,realized,3,7,short,0.1500,-0.9250,-0.1627,-0.7591,-0.2144,6986
20,10,realized,3,7,short,0.1500,-0.9250,-0.1627,-0.7591,-0.2144,6986
10,10,realized,3,7,short,0.2500,-0.9347,-0.2688,-0.9155,-0.2936,6980
14,10,realized,3,7,short,0.2500,-0.9347,-0.2688,-0.9155,-0.2936,6980
20,10,realized,3,7,short,0.2500,-0.9347,-0.2688,-0.9155,-0.2936,6980
14,40,realized,2,3,short,0.0000,-0.9411,-0.9429,-1.0529,-0.8955,308
10,40,realized,2,3,short,0.0000,-0.9411,-0.9429,-1.0529,-0.8955,308
20,40,realized,2,3,short,0.0000,-0.9411,-0.9429,-1.0529,-0.8955,308
20,40,realized,3,7,short,0.0000,-0.9433,-0.9429,-1.0163,-0.9278,239
14,40,realized,3,7,short,0.0000,-0.9433,-0.9429,-1.0163,-0.9278,239
10,40,realized,3,7,short,0.0000,-0.9433,-0.9429,-1.0163,-0.9278,239
10,10,realized,1,3,short,0.0000,-0.9467,-0.9429,-1.0001,-0.9428,559
14,10,realized,1,3,short,0.0000,-0.9467,-0.9429,-1.0001,-0.9428,559
20,10,realized,1,3,short,0.0000,-0.9467,-0.9429,-1.0001,-0.9428,559
14,20,realized,2,3,short,0.0000,-0.9695,-0.8032,-1.0000,-0.8032,534
20,20,realized,2,3,short,0.0000,-0.9695,-0.8032,-1.0000,-0.8032,534
10,20,realized,2,3,short,0.0000,-0.9695,-0.8032,-1.0000,-0.8032,534
20,40,realized,3,14,short,0.0000,-0.9825,-0.9429,-1.0211,-0.9234,195
10,40,realized,3,14,short,0.0000,-0.9825,-0.9429,-1.0211,-0.9234,195
14,40,realized,3,14,short,0.0000,-0.9825,-0.9429,-1.0211,-0.9234,195
10,40,realized,3,3,short,0.0000,-1.0202,-0.9429,-1.0148,-0.9291,347
14,40,realized,3,3,short,0.0000,-1.0202,-0.9429,-1.0148,-0.9291,347
20,40,realized,3,3,short,0.0000,-1.0202,-0.9429,-1.0148,-0.9291,347
20,10,realized,1,7,short,0.2500,-1.0285,-0.2881,-0.9276,-0.3106,2415
10,10,realized,1,7,short,0.2500,-1.0285,-0.2881,-0.9276,-0.3106,2415
14,10,realized,1,7,short,0.2500,-1.0285,-0.2881,-0.9276,-0.3106,2415
10,10,realized,1,7,short,0.1500,-1.0295,-0.1772,-0.7799,-0.2273,2417
14,10,realized,1,7,short,0.1500,-1.0295,-0.1772,-0.7799,-0.2273,2417
20,10,realized,1,7,short,0.1500,-1.0295,-0.1772,-0.7799,-0.2273,2417
14,20,realized,3,7,short,0.0000,-1.0352,-0.7802,-1.0000,-0.7802,429
10,20,realized,3,7,short,0.0000,-1.0352,-0.7802,-1.0000,-0.7802,429
20,20,realized,3,7,short,0.0000,-1.0352,-0.7802,-1.0000,-0.7802,429
20,20,realized,3,7,short,0.2500,-1.0524,-0.2914,-0.9253,-0.3149,6840
14,20,realized,3,7,short,0.2500,-1.0524,-0.2914,-0.9253,-0.3149,6840
10,20,realized,3,7,short,0.2500,-1.0524,-0.2914,-0.9253,-0.3149,6840
14,20,realized,3,3,short,0.2500,-1.0524,-0.2910,-0.9237,-0.3151,6925
10,20,realized,3,3,short,0.2500,-1.0524,-0.2910,-0.9237,-0.3151,6925
20,20,realized,3,3,short,0.2500,-1.0524,-0.2910,-0.9237,-0.3151,6925
20,20,realized,2,3,short,0.2500,-1.0700,-0.2994,-0.9297,-0.3220,4684
10,20,realized,2,3,short,0.2500,-1.0700,-0.2994,-0.9297,-0.3220,4684
14,20,realized,2,3,short,0.2500,-1.0700,-0.2994,-0.9297,-0.3220,4684
10,20,realized,3,3,short,0.1500,-1.0709,-0.1855,-0.7857,-0.2361,6925
20,20,realized,3,3,short,0.1500,-1.0709,-0.1855,-0.7857,-0.2361,6925
14,20,realized,3,3,short,0.1500,-1.0709,-0.1855,-0.7857,-0.2361,6925
20,20,realized,3,3,short,0.0000,-1.0711,-0.7879,-1.0000,-0.7879,599
10,20,realized,3,3,short,0.0000,-1.0711,-0.7879,-1.0000,-0.7879,599
14,20,realized,3,3,short,0.0000,-1.0711,-0.7879,-1.0000,-0.7879,599
10,20,realized,3,7,short,0.1500,-1.0746,-0.1837,-0.7851,-0.2340,6843
14,20,realized,3,7,short,0.1500,-1.0746,-0.1837,-0.7851,-0.2340,6843
20,20,realized,3,7,short,0.1500,-1.0746,-0.1837,-0.7851,-0.2340,6843
14,10,realized,3,14,short,0.2500,-1.0751,-0.2954,-0.9270,-0.3186,6832
20,10,realized,3,14,short,0.2500,-1.0751,-0.2954,-0.9270,-0.3186,6832
10,10,realized,3,14,short,0.2500,-1.0751,-0.2954,-0.9270,-0.3186,6832
20,10,realized,2,7,short,0.0000,-1.0798,-0.8245,-1.0000,-0.8245,584
10,10,realized,2,7,short,0.0000,-1.0798,-0.8245,-1.0000,-0.8245,584
14,10,realized,2,7,short,0.0000,-1.0798,-0.8245,-1.0000,-0.8245,584
20,10,realized,2,3,short,0.0000,-1.0817,-0.8296,-1.0000,-0.8296,814
10,10,realized,2,3,short,0.0000,-1.0817,-0.8296,-1.0000,-0.8296,814
14,10,realized,2,3,short,0.0000,-1.0817,-0.8296,-1.0000,-0.8296,814
14,20,realized,2,3,short,0.1500,-1.0891,-0.1898,-0.7935,-0.2392,4684
20,20,realized,2,3,short,0.1500,-1.0891,-0.1898,-0.7935,-0.2392,4684
10,20,realized,2,3,short,0.1500,-1.0891,-0.1898,-0.7935,-0.2392,4684
20,10,realized,3,14,short,0.1500,-1.0971,-0.1866,-0.7882,-0.2367,6835
10,10,realized,3,14,short,0.1500,-1.0971,-0.1866,-0.7882,-0.2367,6835
14,10,realized,3,14,short,0.1500,-1.0971,-0.1866,-0.7882,-0.2367,6835
20,10,realized,3,3,short,0.0000,-1.1222,-0.7969,-1.0000,-0.7969,965
10,10,realized,3,3,short,0.0000,-1.1222,-0.7969,-1.0000,-0.7969,965
14,10,realized,3,3,short,0.0000,-1.1222,-0.7969,-1.0000,-0.7969,965
20,10,realized,3,7,short,0.0000,-1.1492,-0.8063,-1.0000,-0.8063,679
10,10,realized,3,7,short,0.0000,-1.1492,-0.8063,-1.0000,-0.8063,679
14,10,realized,3,7,short,0.0000,-1.1492,-0.8063,-1.0000,-0.8063,679
14,10,realized,3,14,short,0.0000,-1.1492,-0.7922,-1.0000,-0.7922,413
20,10,realized,3,14,short,0.0000,-1.1492,-0.7922,-1.0000,-0.7922,413
10,10,realized,3,14,short,0.0000,-1.1492,-0.7922,-1.0000,-0.7922,413
10,10,realized,2,14,short,0.0000,-1.1736,-0.8264,-1.0000,-0.8264,362
20,10,realized,2,14,short,0.0000,-1.1736,-0.8264,-1.0000,-0.8264,362
14,10,realized,2,14,short,0.0000,-1.1736,-0.8264,-1.0000,-0.8264,362
10,10,realized,2,14,short,0.2500,-1.1811,-0.3202,-0.9442,-0.3392,4598
20,10,realized,2,14,short,0.2500,-1.1811,-0.3202,-0.9442,-0.3392,4598
14,10,realized,2,14,short,0.2500,-1.1811,-0.3202,-0.9442,-0.3392,4598
10,10,realized,2,14,short,0.1500,-1.2040,-0.2053,-0.8217,-0.2499,4598
20,10,realized,2,14,short,0.1500,-1.2040,-0.2053,-0.8217,-0.2499,4598
14,10,realized,2,14,short,0.1500,-1.2040,-0.2053,-0.8217,-0.2499,4598
