mom_lb,vol_s,vol_l,top_n,rebal,mom_w,dir,vol_tgt,Sharpe,CAGR,MDD,Calmar,Trades
20,5,20,3,7,0.3000,long,0.0000,1.5677,1.5322,-0.7553,2.0285,810
5,5,40,3,7,0.3000,long,0.0000,1.5424,1.4936,-0.6477,2.3062,965
5,5,20,3,7,0.3000,long,0.0000,1.5386,1.4755,-0.6412,2.3010,979
5,10,40,3,7,0.7000,long,0.0000,1.5351,1.4812,-0.6024,2.4591,975
5,10,40,3,7,0.5000,long,0.0000,1.5224,1.4750,-0.6480,2.2764,943
5,5,40,3,7,0.5000,long,0.0000,1.5203,1.4669,-0.6434,2.2799,971
20,5,20,3,14,0.3000,long,0.0000,1.5051,1.3956,-0.8327,1.6760,501
5,10,20,3,7,0.7000,long,0.0000,1.5050,1.4483,-0.6039,2.3982,983
5,5,40,3,14,0.3000,long,0.0000,1.4980,1.3467,-0.7660,1.7583,482
5,10,40,3,7,0.3000,long,0.0000,1.4980,1.3989,-0.6855,2.0407,915
5,10,40,2,7,0.7000,long,0.0000,1.4812,1.4882,-0.5961,2.4965,706
5,5,20,3,14,0.3000,long,0.0000,1.4799,1.3255,-0.7587,1.7470,530
5,5,40,1,3,0.7000,long,0.0000,1.4740,2.0171,-0.8266,2.4400,796
5,10,40,2,14,0.3000,long,0.0000,1.4694,1.3371,-0.7767,1.7215,364
5,3,20,2,7,0.3000,long,0.0000,1.4692,1.4730,-0.6326,2.3284,751
5,3,40,3,14,0.3000,long,0.0000,1.4690,1.2727,-0.7572,1.6809,469
5,3,20,3,7,0.7000,long,0.0000,1.4644,1.3568,-0.6349,2.1371,997
20,3,20,3,7,0.7000,long,0.0000,1.4622,1.3388,-0.8160,1.6407,671
5,5,20,2,7,0.3000,long,0.0000,1.4586,1.4181,-0.6312,2.2465,748
5,3,40,1,3,0.7000,long,0.0000,1.4569,1.9589,-0.8026,2.4406,796
5,3,40,3,7,0.3000,long,0.0000,1.4484,1.3139,-0.6631,1.9815,973
5,3,20,3,7,0.3000,long,0.0000,1.4464,1.3092,-0.6309,2.0753,987
5,3,20,2,7,0.5000,long,0.0000,1.4444,1.4377,-0.6119,2.3497,753
20,5,20,3,7,0.5000,long,0.0000,1.4425,1.2687,-0.7653,1.6578,749
5,3,40,3,7,0.5000,long,0.0000,1.4380,1.3106,-0.6575,1.9932,976
20,3,20,3,7,0.5000,long,0.0000,1.4330,1.2649,-0.7863,1.6087,743
5,5,20,3,7,0.3000,long,0.2500,1.4322,0.5222,-0.3151,1.6575,5083
5,10,40,2,7,0.5000,long,0.0000,1.4306,1.3561,-0.6445,2.1040,705
5,5,40,1,3,0.7000,long,0.2500,1.4292,0.5712,-0.3473,1.6446,2201
20,5,40,2,7,0.3000,long,0.0000,1.4270,1.4241,-0.7735,1.8410,537
20,5,20,2,7,0.3000,long,0.0000,1.4268,1.4170,-0.8042,1.7621,620
5,5,40,2,7,0.5000,long,0.0000,1.4255,1.3563,-0.6050,2.2419,706
5,5,20,1,3,0.7000,long,0.0000,1.4203,1.8260,-0.8387,2.1771,804
5,3,40,2,7,0.3000,long,0.0000,1.4201,1.3773,-0.6517,2.1135,724
5,3,40,2,7,0.7000,long,0.0000,1.4200,1.3147,-0.6472,2.0314,721
5,5,40,3,7,0.7000,long,0.0000,1.4197,1.2792,-0.6811,1.8780,981
20,5,40,3,7,0.3000,long,0.0000,1.4182,1.2647,-0.7367,1.7167,727
5,5,40,2,7,0.3000,long,0.0000,1.4174,1.3795,-0.6200,2.2250,706
5,3,20,3,7,0.3000,long,0.2500,1.4157,0.5090,-0.3398,1.4981,5090
5,3,40,3,7,0.7000,long,0.0000,1.4148,1.2672,-0.6756,1.8758,982
5,5,40,2,7,0.7000,long,0.0000,1.4139,1.3280,-0.6079,2.1844,711
5,5,20,2,14,0.3000,long,0.0000,1.4138,1.2927,-0.7845,1.6479,400
5,5,40,3,7,0.3000,long,0.2500,1.4129,0.5111,-0.3511,1.4556,5078
5,10,40,1,3,0.7000,long,0.2500,1.4123,0.5607,-0.3201,1.7515,2201
5,5,20,3,7,0.7000,long,0.0000,1.4110,1.2464,-0.6007,2.0750,1006
5,10,40,3,3,0.5000,long,0.0000,1.4106,1.2589,-0.8289,1.5188,1775
5,10,20,3,7,0.5000,long,0.0000,1.4076,1.2552,-0.6491,1.9339,961
5,5,40,3,14,0.5000,long,0.0000,1.4057,1.2040,-0.7760,1.5515,485
5,5,20,3,7,0.5000,long,0.0000,1.4036,1.2106,-0.6583,1.8389,993
20,3,20,3,7,0.3000,long,0.0000,1.3984,1.2372,-0.8036,1.5396,800
5,3,40,2,7,0.5000,long,0.0000,1.3984,1.2633,-0.6232,2.0270,719
5,3,20,2,7,0.5000,long,0.2500,1.3873,0.5064,-0.3551,1.4261,3626
5,3,40,1,3,0.7000,long,0.2500,1.3862,0.5487,-0.3434,1.5976,2201
5,10,40,3,14,0.3000,long,0.0000,1.3849,1.1332,-0.7793,1.4542,494
5,10,40,2,7,0.3000,long,0.0000,1.3840,1.2602,-0.6382,1.9747,665
5,3,20,1,3,0.3000,long,0.0000,1.3835,1.6979,-0.8377,2.0269,834
20,3,40,3,7,0.5000,long,0.0000,1.3830,1.2097,-0.7770,1.5570,684
5,3,20,2,14,0.3000,long,0.0000,1.3797,1.2029,-0.7765,1.5491,392
5,10,20,3,14,0.5000,long,0.0000,1.3787,1.1487,-0.7675,1.4967,523
5,3,20,2,7,0.3000,long,0.2500,1.3763,0.4846,-0.3611,1.3419,3623
5,5,20,1,3,0.7000,long,0.2500,1.3760,0.5586,-0.3357,1.6639,2205
5,3,20,3,7,0.5000,long,0.0000,1.3740,1.1683,-0.6369,1.8345,991
5,10,40,1,3,0.7000,long,0.0000,1.3692,1.6660,-0.8125,2.0505,796
20,3,40,3,7,0.3000,long,0.0000,1.3676,1.1851,-0.7959,1.4890,732
5,10,40,1,3,0.3000,long,0.2500,1.3656,0.5141,-0.3155,1.6294,2164
20,5,40,3,7,0.5000,long,0.0000,1.3641,1.1617,-0.7650,1.5186,689
5,3,20,1,3,0.7000,long,0.0000,1.3630,1.6389,-0.8329,1.9678,798
5,3,20,2,7,0.7000,long,0.0000,1.3626,1.2211,-0.6190,1.9727,726
20,5,20,3,7,0.3000,long,0.2500,1.3567,0.5558,-0.3857,1.4410,5080
20,5,20,3,7,0.7000,long,0.0000,1.3562,1.1336,-0.7912,1.4327,662
20,3,40,3,14,0.3000,long,0.0000,1.3558,1.1206,-0.7890,1.4203,469
5,5,20,2,7,0.5000,long,0.0000,1.3511,1.2045,-0.6040,1.9943,735
5,5,20,2,7,0.7000,long,0.0000,1.3505,1.1882,-0.6348,1.8718,722
20,3,20,3,14,0.3000,long,0.0000,1.3493,1.1038,-0.8171,1.3508,498
5,3,40,2,14,0.3000,long,0.0000,1.3485,1.1181,-0.7464,1.4980,356
20,5,20,2,3,0.3000,long,0.0000,1.3471,1.2644,-0.8623,1.4663,984
5,5,40,1,3,0.3000,long,0.0000,1.3457,1.5783,-0.8626,1.8296,754
5,3,20,1,3,0.5000,long,0.0000,1.3448,1.5821,-0.8448,1.8726,832
5,3,20,1,3,0.3000,long,0.2500,1.3421,0.5146,-0.2982,1.7259,2220
5,10,40,3,7,0.3000,long,0.2500,1.3406,0.4783,-0.3571,1.3395,5049
5,5,20,1,3,0.5000,long,0.0000,1.3382,1.5647,-0.8314,1.8819,800
20,3,20,3,7,0.7000,long,0.2500,1.3371,0.5332,-0.3873,1.3767,5008
5,10,20,3,7,0.3000,long,0.0000,1.3366,1.1021,-0.6439,1.7116,941
5,5,40,3,7,0.5000,long,0.2500,1.3340,0.4705,-0.3226,1.4584,5081
5,10,40,3,14,0.5000,long,0.0000,1.3339,1.0708,-0.7501,1.4275,483
5,10,20,3,7,0.3000,long,0.2500,1.3319,0.4734,-0.3240,1.4610,5062
5,10,40,3,14,0.7000,long,0.0000,1.3298,1.0665,-0.7749,1.3763,501
5,3,20,3,7,0.7000,long,0.2500,1.3295,0.4687,-0.3311,1.4154,5096
10,5,20,2,3,0.3000,long,0.0000,1.3281,1.1997,-0.7459,1.6084,1118
10,3,40,3,3,0.3000,long,0.0000,1.3268,1.1118,-0.8093,1.3738,1533
5,10,40,2,7,0.5000,long,0.2500,1.3267,0.4839,-0.3274,1.4780,3600
5,10,20,2,7,0.7000,long,0.0000,1.3266,1.1743,-0.6368,1.8441,711
5,10,20,2,14,0.3000,long,0.0000,1.3264,1.1339,-0.8285,1.3685,395
10,5,20,3,7,0.3000,long,0.0000,1.3260,1.1302,-0.8323,1.3579,925
20,10,20,3,14,0.3000,long,0.0000,1.3256,1.0800,-0.8179,1.3204,508
20,3,20,2,14,0.5000,long,0.0000,1.3248,1.1321,-0.7641,1.4817,358
10,3,40,3,3,0.5000,long,0.0000,1.3244,1.1179,-0.7840,1.4258,1453
5,3,20,3,7,0.5000,long,0.2500,1.3236,0.4639,-0.3567,1.3006,5092
10,3,20,2,3,0.3000,long,0.0000,1.3229,1.1948,-0.8189,1.4591,1235
5,10,20,3,7,0.7000,long,0.2500,1.3221,0.4663,-0.3304,1.4116,5088
10,10,40,2,3,0.7000,long,0.0000,1.3216,1.2086,-0.7786,1.5523,1022
5,3,20,1,3,0.7000,long,0.2500,1.3188,0.5061,-0.3219,1.5723,2202
20,3,40,2,7,0.3000,long,0.0000,1.3181,1.1725,-0.8268,1.4182,558
5,3,40,2,14,0.5000,long,0.0000,1.3177,1.0750,-0.7383,1.4561,382
5,5,40,1,7,0.3000,long,0.2500,1.3176,0.4746,-0.3550,1.3370,1947
20,3,20,3,14,0.7000,long,0.0000,1.3168,1.0483,-0.8053,1.3017,451
20,3,20,3,7,0.5000,long,0.2500,1.3164,0.5155,-0.4013,1.2845,5046
5,10,40,3,7,0.7000,long,0.2500,1.3138,0.4595,-0.3290,1.3967,5082
5,5,40,1,3,0.5000,long,0.0000,1.3138,1.4887,-0.8339,1.7853,780
5,3,40,3,7,0.3000,long,0.2500,1.3129,0.4584,-0.3553,1.2903,5083
20,3,20,2,7,0.3000,long,0.0000,1.3122,1.1974,-0.8434,1.4198,623
20,3,20,1,3,0.3000,long,0.0000,1.3119,1.4858,-0.8906,1.6682,702
20,5,40,2,7,0.5000,long,0.0000,1.3101,1.1487,-0.7670,1.4977,528
10,5,20,2,7,0.3000,long,0.0000,1.3097,1.1951,-0.7794,1.5332,697
5,10,20,3,7,0.5000,long,0.2500,1.3087,0.4630,-0.3414,1.3561,5073
20,5,20,2,3,0.5000,long,0.0000,1.3086,1.1877,-0.8701,1.3650,921
5,3,40,3,14,0.7000,long,0.0000,1.3074,1.0377,-0.7802,1.3300,497
20,10,20,3,7,0.5000,long,0.0000,1.3073,1.0505,-0.7627,1.3774,722
5,10,20,3,14,0.3000,long,0.0000,1.3072,1.0250,-0.7922,1.2940,530
20,3,20,2,3,0.5000,long,0.0000,1.3069,1.1711,-0.8653,1.3534,1023
20,3,20,3,7,0.3000,long,0.2500,1.3066,0.5339,-0.3876,1.3774,5079
5,10,20,3,3,0.7000,long,0.0000,1.3056,1.0687,-0.8339,1.2815,1870
20,5,20,3,14,0.7000,long,0.0000,1.3042,1.0330,-0.8034,1.2857,445
5,3,20,1,7,0.7000,long,0.2500,1.3032,0.4858,-0.3554,1.3671,1964
20,5,40,1,3,0.3000,long,0.0000,1.3030,1.4728,-0.8791,1.6754,544
5,10,40,2,3,0.5000,long,0.0000,1.3019,1.1367,-0.7969,1.4263,1340
20,3,20,3,3,0.5000,long,0.0000,1.3009,1.0559,-0.8916,1.1843,1334
5,10,40,1,3,0.3000,long,0.0000,1.3002,1.4574,-0.8349,1.7456,730
20,3,40,2,14,0.3000,long,0.0000,1.2989,1.0654,-0.8192,1.3005,356
5,10,20,3,3,0.5000,long,0.0000,1.2979,1.0679,-0.8497,1.2569,1814
20,10,20,3,7,0.7000,long,0.0000,1.2978,1.0405,-0.7891,1.3186,649
5,5,40,1,7,0.3000,long,0.0000,1.2970,1.3326,-0.6713,1.9852,408
20,5,40,3,7,0.7000,long,0.0000,1.2960,1.0407,-0.8117,1.2820,651
5,10,20,2,3,0.7000,long,0.0000,1.2956,1.1511,-0.8014,1.4363,1398
5,5,40,3,14,0.7000,long,0.0000,1.2951,1.0141,-0.7899,1.2839,507
20,5,40,3,7,0.3000,long,0.2500,1.2950,0.5226,-0.3869,1.3508,5043
5,10,40,3,7,0.5000,long,0.2500,1.2946,0.4535,-0.3317,1.3669,5065
5,10,40,1,7,0.3000,long,0.2500,1.2944,0.4690,-0.2949,1.5904,1926
5,10,40,2,7,0.7000,long,0.2500,1.2939,0.4591,-0.3333,1.3775,3601
5,3,40,1,7,0.7000,long,0.2500,1.2936,0.4820,-0.3769,1.2789,1956
5,5,20,1,3,0.5000,long,0.2500,1.2930,0.4884,-0.3776,1.2933,2203
10,3,40,2,3,0.5000,long,0.0000,1.2929,1.1728,-0.8057,1.4557,1099
20,5,20,3,7,0.5000,long,0.2500,1.2919,0.5173,-0.4006,1.2912,5048
20,3,40,3,7,0.3000,long,0.2500,1.2906,0.5225,-0.3858,1.3543,5048
5,5,20,2,7,0.3000,long,0.2500,1.2901,0.4379,-0.3499,1.2514,3621
5,3,20,3,14,0.3000,long,0.0000,1.2893,0.9813,-0.7471,1.3135,519
20,10,40,3,7,0.5000,long,0.0000,1.2889,1.0362,-0.7982,1.2982,667
5,3,20,1,7,0.3000,long,0.2500,1.2885,0.4529,-0.3313,1.3670,1958
20,3,20,2,14,0.3000,long,0.0000,1.2879,1.0672,-0.7774,1.3728,391
5,5,40,2,7,0.7000,long,0.2500,1.2876,0.4537,-0.3526,1.2870,3604
10,10,20,1,3,0.5000,long,0.0000,1.2869,1.4697,-0.8395,1.7506,586
20,5,40,3,14,0.3000,long,0.0000,1.2860,1.0247,-0.8010,1.2793,484
20,5,40,2,7,0.7000,long,0.0000,1.2854,1.1248,-0.8067,1.3943,488
20,10,40,1,3,0.3000,long,0.0000,1.2843,1.4190,-0.8574,1.6549,456
20,3,40,3,3,0.5000,long,0.0000,1.2838,1.0324,-0.8833,1.1688,1251
5,3,40,1,3,0.5000,long,0.0000,1.2835,1.4061,-0.8201,1.7146,824
10,5,20,3,14,0.3000,long,0.0000,1.2833,1.0443,-0.8265,1.2635,534
5,5,20,1,3,0.3000,long,0.0000,1.2833,1.3562,-0.8457,1.6036,770
5,5,20,3,7,0.5000,long,0.2500,1.2828,0.4461,-0.3373,1.3225,5094
20,3,40,1,3,0.3000,long,0.0000,1.2824,1.4339,-0.9185,1.5612,652
20,3,40,3,7,0.7000,long,0.0000,1.2809,1.0197,-0.8202,1.2432,649
10,10,20,2,3,0.7000,long,0.0000,1.2808,1.1360,-0.7748,1.4662,1051
5,3,40,2,7,0.7000,long,0.2500,1.2800,0.4484,-0.3369,1.3312,3610
20,5,20,3,7,0.7000,long,0.2500,1.2799,0.4996,-0.3884,1.2864,5004
10,5,40,3,7,0.5000,long,0.0000,1.2798,1.0588,-0.7491,1.4136,854
5,10,40,1,7,0.7000,long,0.2500,1.2798,0.4756,-0.3127,1.5206,1954
5,5,40,2,7,0.5000,long,0.2500,1.2797,0.4554,-0.3379,1.3476,3601
20,5,40,2,7,0.3000,long,0.2500,1.2797,0.5013,-0.3702,1.3541,3562
10,3,20,1,3,0.7000,long,0.0000,1.2796,1.4451,-0.8364,1.7278,614
20,3,40,3,14,0.7000,long,0.0000,1.2794,1.0008,-0.8073,1.2398,443
5,3,40,2,7,0.5000,long,0.2500,1.2778,0.4480,-0.3642,1.2300,3608
5,10,40,2,3,0.5000,long,0.2500,1.2768,0.4502,-0.3595,1.2522,4017
5,5,20,3,7,0.7000,long,0.2500,1.2767,0.4430,-0.3397,1.3040,5101
20,3,40,3,14,0.5000,long,0.0000,1.2765,1.0061,-0.7731,1.3014,458
5,3,40,3,14,0.5000,long,0.0000,1.2762,0.9787,-0.7555,1.2955,488
5,3,40,3,7,0.5000,long,0.2500,1.2760,0.4441,-0.3345,1.3276,5084
5,10,40,3,3,0.7000,long,0.0000,1.2758,1.0130,-0.8115,1.2483,1846
20,5,20,3,3,0.5000,long,0.0000,1.2755,1.0091,-0.8719,1.1574,1220
20,3,40,3,3,0.3000,long,0.0000,1.2752,1.0127,-0.8987,1.1268,1352
5,3,40,1,3,0.3000,long,0.2500,1.2752,0.4788,-0.2745,1.7441,2210
10,5,40,1,3,0.5000,long,0.0000,1.2749,1.4314,-0.8398,1.7046,604
10,5,20,3,3,0.3000,long,0.0000,1.2746,1.0218,-0.8140,1.2553,1503
10,3,40,2,3,0.7000,long,0.0000,1.2739,1.1294,-0.7842,1.4402,1055
5,3,40,2,3,0.7000,long,0.0000,1.2739,1.1068,-0.8413,1.3155,1431
5,5,40,1,3,0.5000,long,0.2500,1.2719,0.4911,-0.3669,1.3387,2193
20,3,20,2,7,0.3000,long,0.2500,1.2719,0.4993,-0.3986,1.2527,3606
5,3,20,1,3,0.5000,long,0.2500,1.2716,0.4712,-0.3730,1.2631,2219
20,3,20,3,3,0.7000,long,0.0000,1.2709,1.0178,-0.8988,1.1325,1155
20,3,20,3,14,0.5000,long,0.0000,1.2703,0.9684,-0.8087,1.1975,480
20,5,20,2,14,0.3000,long,0.0000,1.2694,1.0361,-0.8186,1.2656,391
5,3,40,1,3,0.3000,long,0.0000,1.2692,1.3607,-0.7995,1.7019,814
20,3,20,2,7,0.5000,long,0.0000,1.2692,1.0611,-0.7743,1.3704,586
20,10,20,1,3,0.5000,long,0.0000,1.2679,1.4136,-0.9005,1.5699,510
5,3,20,2,7,0.7000,long,0.2500,1.2678,0.4410,-0.3383,1.3034,3613
20,3,40,1,7,0.3000,long,0.2500,1.2673,0.4955,-0.3760,1.3176,1925
20,10,40,3,7,0.3000,long,0.0000,1.2665,0.9893,-0.7842,1.2616,681
5,5,20,1,3,0.3000,long,0.2500,1.2644,0.4758,-0.3225,1.4754,2188
20,10,40,1,7,0.3000,long,0.2500,1.2643,0.5124,-0.3943,1.2996,1908
20,10,20,3,7,0.3000,long,0.0000,1.2635,0.9701,-0.7284,1.3319,758
5,10,40,2,7,0.3000,long,0.2500,1.2626,0.4537,-0.3320,1.3663,3578
5,3,40,3,7,0.7000,long,0.2500,1.2612,0.4376,-0.3298,1.3268,5087
5,3,40,3,3,0.5000,long,0.0000,1.2612,0.9932,-0.8531,1.1642,1874
10,5,40,3,3,0.5000,long,0.0000,1.2601,0.9994,-0.7760,1.2880,1387
5,3,40,1,7,0.5000,long,0.0000,1.2600,1.2218,-0.6876,1.7769,426
10,10,40,3,3,0.3000,long,0.0000,1.2597,0.9770,-0.8096,1.2068,1350
20,10,20,3,7,0.7000,long,0.2500,1.2595,0.4903,-0.3884,1.2626,4996
20,3,20,1,3,0.5000,long,0.0000,1.2587,1.3814,-0.8934,1.5461,652
5,5,40,2,14,0.7000,long,0.0000,1.2586,1.0084,-0.7577,1.3309,378
5,3,40,2,7,0.3000,long,0.2500,1.2585,0.4444,-0.3507,1.2671,3610
5,5,20,2,7,0.7000,long,0.2500,1.2569,0.4378,-0.3427,1.2776,3611
5,3,20,3,14,0.7000,long,0.0000,1.2568,0.9600,-0.7855,1.2222,511
10,5,40,2,3,0.7000,long,0.0000,1.2562,1.0829,-0.7775,1.3928,1032
10,5,20,2,3,0.7000,long,0.0000,1.2559,1.0882,-0.7682,1.4166,1050
5,5,20,1,7,0.5000,long,0.0000,1.2556,1.2066,-0.6831,1.7664,436
20,10,40,3,7,0.7000,long,0.0000,1.2553,0.9755,-0.8382,1.1638,650
10,3,20,2,3,0.5000,long,0.0000,1.2546,1.0802,-0.7750,1.3938,1157
5,5,40,1,7,0.7000,long,0.2500,1.2542,0.4622,-0.3591,1.2869,1954
20,3,40,2,14,0.5000,long,0.0000,1.2539,0.9850,-0.7861,1.2531,348
5,10,40,1,7,0.5000,long,0.2500,1.2532,0.4679,-0.3357,1.3935,1937
20,10,20,3,7,0.3000,long,0.2500,1.2531,0.4787,-0.3880,1.2339,5057
5,5,40,2,7,0.3000,long,0.2500,1.2530,0.4493,-0.3614,1.2433,3600
20,5,40,3,3,0.5000,long,0.0000,1.2522,0.9828,-0.8875,1.1074,1143
10,5,40,3,7,0.3000,long,0.0000,1.2521,1.0150,-0.7776,1.3053,860
10,10,40,3,3,0.5000,long,0.0000,1.2513,0.9872,-0.7897,1.2501,1371
10,3,20,2,3,0.7000,long,0.0000,1.2511,1.0792,-0.8044,1.3417,1088
5,10,20,1,3,0.3000,long,0.2500,1.2505,0.4490,-0.4224,1.0628,2179
5,5,40,1,3,0.3000,long,0.2500,1.2500,0.4693,-0.3919,1.1973,2180
10,5,20,2,14,0.5000,long,0.0000,1.2499,1.0277,-0.7952,1.2923,389
20,5,20,1,3,0.3000,long,0.0000,1.2480,1.2848,-0.8941,1.4370,622
20,5,20,3,3,0.3000,long,0.0000,1.2471,0.9761,-0.8808,1.1082,1312
5,3,40,1,7,0.7000,long,0.0000,1.2463,1.1832,-0.6944,1.7039,426
20,5,40,3,14,0.7000,long,0.0000,1.2446,0.9445,-0.8190,1.1532,449
5,3,40,1,7,0.5000,long,0.2500,1.2438,0.4595,-0.3658,1.2563,1956
5,10,20,1,3,0.7000,long,0.2500,1.2430,0.4839,-0.3833,1.2624,2205
5,10,40,2,3,0.3000,long,0.2500,1.2428,0.4379,-0.3720,1.1770,3984
5,10,40,3,3,0.3000,long,0.0000,1.2426,0.9526,-0.8372,1.1378,1767
20,10,40,2,7,0.7000,long,0.0000,1.2420,1.0386,-0.8376,1.2401,476
10,3,20,3,3,0.7000,long,0.0000,1.2410,0.9733,-0.7975,1.2204,1464
10,10,20,3,3,0.3000,long,0.0000,1.2407,0.9498,-0.7976,1.1908,1408
10,3,40,2,3,0.3000,long,0.0000,1.2402,1.0424,-0.8395,1.2417,1131
5,10,40,2,14,0.7000,long,0.0000,1.2397,0.9953,-0.7780,1.2792,372
20,3,40,2,3,0.7000,long,0.0000,1.2395,1.0529,-0.9007,1.1690,826
5,5,40,1,7,0.7000,long,0.0000,1.2378,1.1684,-0.6874,1.6997,422
10,3,40,3,7,0.3000,long,0.0000,1.2369,0.9797,-0.8280,1.1831,874
5,3,20,3,3,0.7000,long,0.0000,1.2355,0.9528,-0.8443,1.1285,1885
20,3,40,1,3,0.7000,long,0.0000,1.2354,1.2982,-0.9311,1.3942,486
10,10,40,2,3,0.5000,long,0.0000,1.2354,1.0483,-0.8035,1.3046,995
5,10,20,2,7,0.7000,long,0.2500,1.2345,0.4326,-0.3534,1.2243,3604
20,3,40,2,7,0.5000,long,0.0000,1.2336,0.9892,-0.8137,1.2156,533
5,10,40,3,3,0.5000,long,0.2500,1.2329,0.4144,-0.3740,1.1080,5578
5,5,40,3,7,0.7000,long,0.2500,1.2321,0.4224,-0.3279,1.2884,5086
5,10,40,1,3,0.5000,long,0.2500,1.2319,0.4657,-0.3306,1.4084,2209
5,3,40,3,3,0.3000,long,0.0000,1.2313,0.9424,-0.8535,1.1042,1857
5,5,20,1,7,0.7000,long,0.2500,1.2310,0.4497,-0.3833,1.1732,1960
20,3,40,3,7,0.5000,long,0.2500,1.2310,0.4870,-0.3987,1.2215,5016
5,5,20,3,3,0.7000,long,0.0000,1.2301,0.9420,-0.8228,1.1448,1887
20,10,20,1,3,0.7000,long,0.0000,1.2301,1.2803,-0.9288,1.3785,510
10,3,40,1,3,0.7000,long,0.0000,1.2297,1.3068,-0.8656,1.5097,606
5,5,40,1,7,0.5000,long,0.2500,1.2292,0.4497,-0.3709,1.2127,1948
10,3,40,3,14,0.3000,long,0.0000,1.2282,0.9318,-0.7822,1.1913,481
5,10,40,3,3,0.3000,long,0.2500,1.2278,0.4125,-0.3773,1.0933,5575
10,5,40,1,3,0.7000,long,0.0000,1.2278,1.3013,-0.8710,1.4940,594
10,5,40,3,3,0.3000,long,0.0000,1.2278,0.9357,-0.8148,1.1484,1406
5,5,20,1,7,0.5000,long,0.2500,1.2274,0.4221,-0.3928,1.0744,1961
5,3,20,1,7,0.3000,long,0.0000,1.2257,1.1905,-0.6380,1.8658,430
20,5,40,3,7,0.5000,long,0.2500,1.2249,0.4823,-0.4025,1.1983,5016
20,10,20,3,7,0.5000,long,0.2500,1.2247,0.4678,-0.3961,1.1812,5035
20,10,40,3,7,0.3000,long,0.2500,1.2247,0.4663,-0.3913,1.1918,5014
10,5,20,2,3,0.5000,long,0.0000,1.2226,1.0283,-0.8066,1.2748,1060
5,10,20,2,14,0.7000,long,0.0000,1.2226,0.9720,-0.7622,1.2753,383
5,5,20,2,3,0.3000,long,0.0000,1.2220,0.9922,-0.8295,1.1962,1376
20,10,40,3,3,0.7000,long,0.0000,1.2216,0.9451,-0.9014,1.0486,1033
5,3,20,2,3,0.5000,long,0.0000,1.2216,1.0150,-0.8492,1.1952,1464
5,3,40,2,14,0.7000,long,0.0000,1.2204,0.9389,-0.7724,1.2156,379
5,5,40,3,3,0.3000,long,0.0000,1.2192,0.9218,-0.8262,1.1157,1758
20,10,20,3,3,0.7000,long,0.0000,1.2186,0.9357,-0.8977,1.0424,1064
5,3,40,1,3,0.5000,long,0.2500,1.2183,0.4616,-0.3352,1.3770,2215
20,5,40,3,3,0.3000,long,0.0000,1.2171,0.9293,-0.8742,1.0631,1184
5,3,40,1,7,0.3000,long,0.2500,1.2169,0.4225,-0.3678,1.1488,1951
20,3,20,2,7,0.5000,long,0.2500,1.2169,0.4616,-0.3780,1.2214,3588
10,10,20,3,14,0.3000,long,0.0000,1.2167,0.9333,-0.8410,1.1098,529
5,5,40,3,3,0.7000,long,0.0000,1.2140,0.9211,-0.8506,1.0830,1855
5,10,40,2,3,0.7000,long,0.0000,1.2118,1.0006,-0.8222,1.2170,1409
5,10,40,1,14,0.3000,long,0.2500,1.2116,0.5208,-0.4742,1.0983,1813
10,3,40,1,3,0.3000,long,0.0000,1.2113,1.2297,-0.7711,1.5948,674
20,10,40,3,3,0.5000,long,0.0000,1.2103,0.9213,-0.8889,1.0365,1059
20,5,40,3,14,0.5000,long,0.0000,1.2099,0.8963,-0.7889,1.1362,461
10,5,40,2,7,0.3000,long,0.0000,1.2099,1.0014,-0.7970,1.2564,641
20,5,20,3,3,0.7000,long,0.0000,1.2081,0.9151,-0.9034,1.0130,1116
20,5,40,1,7,0.3000,long,0.2500,1.2080,0.4827,-0.3840,1.2570,1925
20,3,40,3,7,0.7000,long,0.2500,1.2069,0.4561,-0.3850,1.1847,4998
10,3,40,3,7,0.5000,long,0.0000,1.2068,0.9371,-0.8010,1.1699,869
5,5,40,1,7,0.5000,long,0.0000,1.2059,1.0982,-0.7024,1.5635,410
5,5,20,3,3,0.5000,long,0.0000,1.2052,0.9056,-0.8477,1.0682,1861
5,10,40,1,7,0.7000,long,0.0000,1.2052,1.0940,-0.6314,1.7327,422
10,5,20,3,7,0.5000,long,0.0000,1.2044,0.9235,-0.8307,1.1116,894
20,10,20,3,3,0.5000,long,0.0000,1.2029,0.9022,-0.8817,1.0232,1161
20,5,20,3,14,0.5000,long,0.0000,1.2028,0.8660,-0.8386,1.0327,484
20,5,40,2,7,0.5000,long,0.2500,1.2028,0.4637,-0.4195,1.1053,3552
5,10,20,3,3,0.5000,long,0.2500,1.2017,0.4004,-0.3713,1.0783,5600
20,5,40,2,3,0.5000,long,0.0000,1.2011,0.9774,-0.8871,1.1018,847
10,5,20,3,3,0.7000,long,0.0000,1.2011,0.9068,-0.7847,1.1556,1426
5,5,20,2,3,0.5000,long,0.0000,1.2011,0.9728,-0.8360,1.1636,1408
5,5,40,2,3,0.7000,long,0.0000,1.2009,0.9831,-0.8463,1.1617,1404
5,5,20,2,7,0.5000,long,0.2500,1.2009,0.4143,-0.3305,1.2538,3618
5,5,20,3,3,0.3000,long,0.0000,1.2006,0.9047,-0.8493,1.0653,1834
5,3,20,2,3,0.7000,long,0.0000,1.1998,0.9731,-0.8380,1.1612,1436
20,10,20,3,3,0.3000,long,0.0000,1.1996,0.9012,-0.8740,1.0312,1200
20,5,40,3,3,0.7000,long,0.0000,1.1995,0.9055,-0.9001,1.0060,1061
20,10,40,1,3,0.5000,long,0.0000,1.1992,1.2022,-0.9001,1.3356,472
10,10,20,3,3,0.5000,long,0.0000,1.1989,0.9103,-0.7977,1.1411,1394
10,5,40,3,14,0.7000,long,0.0000,1.1988,0.9196,-0.7464,1.2320,492
5,10,40,2,14,0.5000,long,0.0000,1.1987,0.9082,-0.7933,1.1449,370
5,10,20,2,7,0.5000,long,0.0000,1.1987,0.9360,-0.6359,1.4720,718
5,10,20,2,3,0.7000,long,0.2500,1.1986,0.4102,-0.3551,1.1550,4053
5,10,20,3,3,0.7000,long,0.2500,1.1985,0.3975,-0.3844,1.0342,5628
20,5,20,1,3,0.5000,long,0.0000,1.1982,1.1886,-0.9313,1.2763,598
20,3,40,2,3,0.5000,long,0.0000,1.1976,0.9646,-0.8895,1.0844,949
5,10,40,2,3,0.3000,long,0.0000,1.1973,0.9555,-0.8205,1.1646,1286
5,3,20,1,7,0.7000,long,0.0000,1.1971,1.0735,-0.7195,1.4921,442
10,5,20,1,3,0.7000,long,0.0000,1.1960,1.2084,-0.8527,1.4173,604
20,3,40,1,14,0.3000,long,0.2500,1.1959,0.4434,-0.4673,0.9487,1897
10,5,40,2,3,0.5000,long,0.0000,1.1955,0.9802,-0.7907,1.2397,1053
5,5,40,3,3,0.5000,long,0.0000,1.1953,0.8933,-0.8331,1.0722,1810
5,10,20,3,14,0.7000,long,0.0000,1.1952,0.8685,-0.7631,1.1381,510
20,3,20,2,3,0.3000,long,0.0000,1.1952,0.9639,-0.9004,1.0706,1136
5,5,20,1,7,0.3000,long,0.2500,1.1950,0.4081,-0.3775,1.0811,1960
10,5,40,3,14,0.5000,long,0.0000,1.1949,0.9033,-0.7814,1.1560,493
20,5,40,1,7,0.3000,long,0.0000,1.1939,1.1032,-0.8233,1.3399,344
10,3,20,2,7,0.3000,long,0.0000,1.1938,0.9817,-0.7847,1.2510,697
20,10,40,3,7,0.7000,long,0.2500,1.1937,0.4501,-0.3866,1.1643,4998
20,5,40,3,7,0.7000,long,0.2500,1.1931,0.4487,-0.3884,1.1554,4998
20,5,20,2,3,0.7000,long,0.0000,1.1925,0.9582,-0.9140,1.0484,854
20,3,20,2,14,0.7000,long,0.0000,1.1923,0.8956,-0.8026,1.1158,346
20,10,20,3,14,0.7000,long,0.0000,1.1917,0.8627,-0.8117,1.0629,461
20,3,40,2,14,0.7000,long,0.0000,1.1911,0.9164,-0.7851,1.1672,343
20,10,40,3,14,0.5000,long,0.0000,1.1911,0.8604,-0.8096,1.0627,467
5,3,20,2,3,0.3000,long,0.0000,1.1896,0.9455,-0.9024,1.0478,1485
5,10,20,1,3,0.3000,long,0.0000,1.1884,1.1631,-0.9088,1.2798,752
5,10,40,3,3,0.7000,long,0.2500,1.1883,0.3913,-0.3842,1.0186,5615
5,10,20,2,7,0.3000,long,0.0000,1.1873,0.9073,-0.6480,1.4002,705
5,5,20,1,7,0.3000,long,0.0000,1.1871,1.0514,-0.7080,1.4850,434
5,3,20,3,14,0.5000,long,0.0000,1.1865,0.8303,-0.7495,1.1078,510
10,5,20,3,3,0.5000,long,0.0000,1.1861,0.8903,-0.8247,1.0795,1433
5,10,20,3,3,0.3000,long,0.0000,1.1850,0.8667,-0.8389,1.0331,1790
10,3,40,2,14,0.7000,long,0.0000,1.1849,0.9198,-0.7307,1.2588,370
5,3,40,3,14,0.3000,long,0.2500,1.1831,0.4590,-0.4589,1.0002,4813
10,5,40,2,3,0.3000,long,0.0000,1.1823,0.9333,-0.8112,1.1506,1069
5,3,20,3,3,0.3000,long,0.0000,1.1820,0.8770,-0.8447,1.0383,1929
20,5,20,3,14,0.3000,long,0.2500,1.1820,0.4655,-0.5098,0.9131,4947
20,10,20,3,14,0.5000,long,0.0000,1.1803,0.8446,-0.8163,1.0347,491
10,3,20,3,3,0.3000,long,0.0000,1.1799,0.8750,-0.8253,1.0602,1634
20,3,40,2,7,0.3000,long,0.2500,1.1799,0.4435,-0.3826,1.1591,3572
20,3,40,2,7,0.7000,long,0.0000,1.1792,0.9193,-0.8474,1.0848,510
5,3,20,2,14,0.5000,long,0.0000,1.1777,0.8895,-0.7671,1.1595,394
10,10,40,3,7,0.3000,long,0.0000,1.1775,0.8684,-0.8011,1.0840,822
10,3,20,3,3,0.5000,long,0.0000,1.1772,0.8779,-0.8250,1.0642,1531
5,10,20,2,14,0.5000,long,0.0000,1.1770,0.8723,-0.8085,1.0789,407
20,3,40,3,3,0.7000,long,0.0000,1.1769,0.8697,-0.8985,0.9680,1128
10,10,40,3,7,0.5000,long,0.0000,1.1763,0.8817,-0.8115,1.0865,824
10,5,40,3,14,0.3000,long,0.0000,1.1751,0.8725,-0.7930,1.1003,494
20,5,40,2,14,0.7000,long,0.0000,1.1749,0.9070,-0.8106,1.1190,331
20,10,40,3,7,0.5000,long,0.2500,1.1749,0.4385,-0.3990,1.0992,5006
5,10,20,1,7,0.5000,long,0.2500,1.1748,0.4075,-0.3721,1.0952,1947
5,3,40,2,3,0.5000,long,0.0000,1.1746,0.9153,-0.8338,1.0978,1426
20,3,20,2,7,0.7000,long,0.0000,1.1736,0.8902,-0.8324,1.0694,544
10,3,40,3,3,0.7000,long,0.0000,1.1729,0.8660,-0.7850,1.1032,1428
5,10,20,1,7,0.3000,long,0.2500,1.1728,0.4160,-0.3548,1.1724,1939
5,10,20,1,3,0.5000,long,0.0000,1.1715,1.1140,-0.8784,1.2682,796
5,10,20,2,3,0.5000,long,0.0000,1.1715,0.9201,-0.8267,1.1130,1360
5,5,20,3,14,0.7000,long,0.0000,1.1708,0.8233,-0.7982,1.0314,525
20,5,20,1,7,0.3000,long,0.0000,1.1696,1.0160,-0.7731,1.3141,396
20,3,40,2,7,0.5000,long,0.2500,1.1680,0.4382,-0.3742,1.1713,3559
5,3,20,3,3,0.5000,long,0.0000,1.1674,0.8517,-0.8456,1.0072,1905
10,3,20,3,14,0.7000,long,0.0000,1.1673,0.8662,-0.7696,1.1255,501
20,5,40,1,3,0.5000,long,0.0000,1.1671,1.1114,-0.9353,1.1883,520
20,5,40,2,7,0.7000,long,0.2500,1.1669,0.4455,-0.4175,1.0671,3532
20,5,20,2,7,0.3000,long,0.2500,1.1666,0.4380,-0.4223,1.0372,3599
20,3,20,1,7,0.3000,long,0.2500,1.1659,0.4501,-0.3623,1.2424,1950
20,10,40,3,14,0.7000,long,0.0000,1.1651,0.8260,-0.8266,0.9994,455
20,10,40,3,14,0.3000,long,0.0000,1.1637,0.8034,-0.7963,1.0090,472
5,5,40,2,3,0.5000,long,0.0000,1.1636,0.8939,-0.8259,1.0824,1359
20,10,20,2,3,0.5000,long,0.0000,1.1634,0.9198,-0.8756,1.0505,847
10,5,40,3,3,0.7000,long,0.0000,1.1632,0.8510,-0.7813,1.0892,1428
10,3,40,2,7,0.3000,long,0.0000,1.1628,0.9117,-0.8298,1.0987,646
5,10,20,1,3,0.7000,long,0.0000,1.1627,1.0892,-0.8676,1.2554,804
5,10,40,1,7,0.5000,long,0.0000,1.1627,1.0566,-0.6567,1.6090,388
5,3,40,1,7,0.3000,long,0.0000,1.1624,0.9695,-0.6805,1.4246,416
5,10,40,1,3,0.5000,long,0.0000,1.1618,1.0953,-0.8458,1.2949,812
10,10,40,1,3,0.3000,long,0.0000,1.1615,1.0993,-0.7840,1.4022,526
5,10,40,2,14,0.3000,long,0.2500,1.1608,0.4689,-0.5099,0.9196,3403
5,3,40,3,3,0.7000,long,0.0000,1.1598,0.8408,-0.8555,0.9828,1875
20,3,40,2,14,0.3000,long,0.2500,1.1590,0.4330,-0.4501,0.9619,3528
20,3,40,3,14,0.3000,long,0.2500,1.1583,0.4462,-0.4735,0.9423,4932
5,5,40,2,3,0.3000,long,0.0000,1.1579,0.8828,-0.8014,1.1015,1336
10,3,40,3,14,0.7000,long,0.0000,1.1578,0.8510,-0.7666,1.1101,490
20,5,40,2,3,0.7000,long,0.0000,1.1570,0.9015,-0.9035,0.9978,796
20,5,40,2,14,0.3000,long,0.0000,1.1569,0.8543,-0.8265,1.0337,364
5,5,20,1,7,0.7000,long,0.0000,1.1562,0.9861,-0.7456,1.3225,434
5,10,20,1,7,0.7000,long,0.2500,1.1533,0.4112,-0.3915,1.0501,1955
20,3,40,2,3,0.3000,long,0.0000,1.1532,0.8818,-0.8699,1.0136,1010
20,5,40,2,14,0.5000,long,0.0000,1.1529,0.8473,-0.7881,1.0751,349
5,5,20,3,14,0.3000,long,0.2500,1.1512,0.4400,-0.4301,1.0229,4846
10,5,40,2,14,0.7000,long,0.0000,1.1511,0.8876,-0.7756,1.1444,368
5,10,20,2,3,0.5000,long,0.2500,1.1510,0.3895,-0.3597,1.0828,4032
5,5,20,2,3,0.7000,long,0.0000,1.1507,0.8876,-0.8514,1.0426,1421
20,10,40,2,7,0.5000,long,0.0000,1.1503,0.8693,-0.7438,1.1687,509
10,5,40,1,3,0.3000,long,0.0000,1.1494,1.0688,-0.7863,1.3593,604
5,5,40,3,3,0.7000,long,0.2500,1.1489,0.3744,-0.3846,0.9735,5619
5,5,40,3,3,0.3000,long,0.2500,1.1480,0.3743,-0.3491,1.0723,5570
20,3,20,3,14,0.3000,long,0.2500,1.1477,0.4457,-0.4806,0.9273,4945
10,10,40,3,3,0.7000,long,0.0000,1.1476,0.8269,-0.7878,1.0496,1410
20,3,20,2,14,0.5000,long,0.2500,1.1461,0.4324,-0.4592,0.9415,3533
5,5,20,2,14,0.7000,long,0.0000,1.1460,0.8251,-0.7546,1.0933,392
10,5,20,2,14,0.7000,long,0.0000,1.1454,0.8730,-0.7971,1.0952,375
5,10,40,2,3,0.7000,long,0.2500,1.1454,0.3857,-0.3597,1.0721,4055
10,5,20,1,3,0.5000,long,0.0000,1.1450,1.0571,-0.8519,1.2409,630
10,3,20,3,7,0.3000,long,0.0000,1.1433,0.8316,-0.8169,1.0179,916
5,10,40,1,7,0.3000,long,0.0000,1.1411,1.0085,-0.7993,1.2617,366
20,10,40,2,7,0.3000,long,0.2500,1.1404,0.4241,-0.3702,1.1457,3552
5,5,40,2,14,0.5000,long,0.0000,1.1399,0.8199,-0.7828,1.0475,374
10,3,20,3,7,0.5000,long,0.0000,1.1399,0.8291,-0.8431,0.9834,907
10,3,20,1,3,0.3000,long,0.0000,1.1375,1.0310,-0.8788,1.1732,742
20,10,20,1,3,0.3000,long,0.0000,1.1371,1.0371,-0.8869,1.1694,538
20,3,20,2,7,0.7000,long,0.2500,1.1367,0.4213,-0.3701,1.1385,3564
20,10,20,3,14,0.3000,long,0.2500,1.1362,0.4255,-0.4577,0.9297,4952
20,10,40,2,7,0.5000,long,0.2500,1.1341,0.4273,-0.4310,0.9914,3545
5,5,40,3,14,0.3000,long,0.2500,1.1340,0.4339,-0.4542,0.9555,4820
5,3,40,2,3,0.7000,long,0.2500,1.1338,0.3798,-0.3711,1.0236,4069
20,5,40,1,3,0.7000,long,0.0000,1.1330,1.0282,-0.9347,1.1001,448
20,10,40,2,7,0.7000,long,0.2500,1.1329,0.4241,-0.4326,0.9803,3527
5,10,40,1,14,0.3000,long,0.0000,1.1326,0.9453,-0.7365,1.2836,216
10,3,20,1,3,0.5000,long,0.0000,1.1321,1.0436,-0.8655,1.2057,698
5,3,20,2,14,0.7000,long,0.0000,1.1309,0.8101,-0.7877,1.0284,373
5,3,40,3,3,0.5000,long,0.2500,1.1309,0.3676,-0.3898,0.9430,5629
5,10,20,2,7,0.3000,long,0.2500,1.1308,0.3681,-0.3573,1.0301,3595
5,5,40,2,3,0.3000,long,0.2500,1.1284,0.3813,-0.3626,1.0516,4016
20,10,40,3,3,0.3000,long,0.0000,1.1276,0.7874,-0.8820,0.8927,1091
5,5,40,2,3,0.7000,long,0.2500,1.1275,0.3777,-0.3621,1.0430,4056
20,10,40,2,14,0.7000,long,0.0000,1.1273,0.8292,-0.8093,1.0246,339
20,5,20,2,14,0.5000,long,0.0000,1.1263,0.8002,-0.8187,0.9774,374
20,5,20,2,7,0.5000,long,0.0000,1.1259,0.8211,-0.8349,0.9835,594
5,10,20,1,3,0.5000,long,0.2500,1.1247,0.3993,-0.4017,0.9941,2201
5,3,40,2,14,0.3000,long,0.2500,1.1239,0.4344,-0.4771,0.9105,3401
20,3,20,2,3,0.7000,long,0.0000,1.1237,0.8446,-0.9222,0.9159,900
10,10,40,3,14,0.3000,long,0.0000,1.1216,0.7683,-0.7569,1.0151,502
5,5,20,2,3,0.7000,long,0.2500,1.1213,0.3765,-0.3795,0.9922,4065
10,3,20,3,7,0.7000,long,0.0000,1.1212,0.7995,-0.8567,0.9332,877
10,3,20,2,14,0.3000,long,0.0000,1.1208,0.8109,-0.7737,1.0481,389
5,3,20,3,3,0.7000,long,0.2500,1.1207,0.3618,-0.4153,0.8711,5638
20,3,20,3,3,0.3000,long,0.0000,1.1200,0.7861,-0.9062,0.8675,1504
10,3,20,2,14,0.7000,long,0.0000,1.1199,0.8203,-0.7244,1.1324,380
20,10,40,1,7,0.3000,long,0.0000,1.1191,0.9555,-0.8013,1.1925,308
10,3,40,3,14,0.5000,long,0.0000,1.1189,0.7790,-0.7672,1.0154,483
20,10,40,1,14,0.3000,long,0.2500,1.1174,0.4291,-0.4807,0.8927,1897
10,5,20,2,7,0.5000,long,0.0000,1.1168,0.8214,-0.7784,1.0552,687
5,10,20,3,3,0.3000,long,0.2500,1.1168,0.3638,-0.3888,0.9357,5590
10,3,20,2,14,0.5000,long,0.0000,1.1163,0.8117,-0.7136,1.1374,387
20,3,20,2,14,0.3000,long,0.2500,1.1158,0.4205,-0.4717,0.8914,3547
5,5,20,3,3,0.3000,long,0.2500,1.1150,0.3626,-0.3803,0.9534,5610
5,5,40,3,3,0.5000,long,0.2500,1.1125,0.3592,-0.3520,1.0206,5594
10,10,20,1,3,0.7000,long,0.0000,1.1124,1.0025,-0.8643,1.1599,594
20,10,40,2,3,0.7000,long,0.0000,1.1122,0.8327,-0.9086,0.9165,754
10,10,40,2,3,0.3000,long,0.0000,1.1116,0.8156,-0.8035,1.0151,980
10,3,20,3,14,0.3000,long,0.0000,1.1105,0.7575,-0.7417,1.0212,517
10,10,40,3,14,0.5000,long,0.0000,1.1088,0.7665,-0.7632,1.0043,504
5,5,20,3,14,0.5000,long,0.0000,1.1082,0.7272,-0.7805,0.9318,517
5,3,20,2,3,0.5000,long,0.2500,1.1077,0.3700,-0.3848,0.9618,4085
5,5,40,2,14,0.3000,long,0.0000,1.1071,0.7668,-0.7981,0.9607,376
20,5,40,2,3,0.3000,long,0.0000,1.1061,0.8063,-0.8900,0.9060,927
5,5,20,3,3,0.7000,long,0.2500,1.1042,0.3540,-0.4063,0.8712,5637
10,5,20,2,14,0.3000,long,0.0000,1.1041,0.7845,-0.8522,0.9206,397
5,10,20,1,7,0.7000,long,0.0000,1.1025,0.8790,-0.7296,1.2048,424
5,3,40,3,3,0.3000,long,0.2500,1.1016,0.3535,-0.4112,0.8597,5620
10,5,20,3,14,0.7000,long,0.0000,1.1013,0.7661,-0.7640,1.0028,502
10,3,20,2,7,0.5000,long,0.0000,1.0999,0.7987,-0.7081,1.1280,673
10,3,20,3,14,0.5000,long,0.0000,1.0987,0.7535,-0.7809,0.9649,515
10,10,40,1,3,0.7000,long,0.0000,1.0982,0.9691,-0.8631,1.1228,596
5,3,20,3,14,0.3000,long,0.2500,1.0973,0.4084,-0.4417,0.9246,4842
5,3,40,2,3,0.5000,long,0.2500,1.0969,0.3641,-0.3641,1.0000,4065
20,3,40,2,14,0.5000,long,0.2500,1.0968,0.3999,-0.4670,0.8563,3526
10,10,20,1,3,0.3000,long,0.0000,1.0966,0.9453,-0.8467,1.1164,578
5,3,20,1,7,0.5000,long,0.2500,1.0966,0.3590,-0.3599,0.9977,1964
10,10,40,2,14,0.5000,long,0.0000,1.0944,0.7726,-0.7361,1.0495,365
20,3,40,2,7,0.7000,long,0.2500,1.0943,0.4049,-0.4310,0.9395,3544
5,3,20,2,3,0.7000,long,0.2500,1.0943,0.3619,-0.3805,0.9513,4073
10,10,20,3,14,0.7000,long,0.0000,1.0933,0.7519,-0.7639,0.9842,511
20,3,20,3,14,0.5000,long,0.2500,1.0918,0.4041,-0.5037,0.8022,4937
5,3,40,3,3,0.7000,long,0.2500,1.0905,0.3487,-0.3848,0.9064,5631
20,10,40,2,7,0.3000,long,0.0000,1.0875,0.7703,-0.7536,1.0220,519
5,5,20,2,3,0.5000,long,0.2500,1.0864,0.3598,-0.3762,0.9563,4058
5,3,40,3,14,0.7000,long,0.2500,1.0857,0.4087,-0.4750,0.8604,4832
20,5,40,3,14,0.3000,long,0.2500,1.0855,0.4110,-0.4814,0.8536,4938
5,3,20,2,14,0.3000,long,0.2500,1.0851,0.3983,-0.4771,0.8349,3412
5,5,40,2,3,0.5000,long,0.2500,1.0849,0.3565,-0.3529,1.0100,4028
20,10,20,2,3,0.3000,long,0.0000,1.0843,0.7770,-0.8636,0.8998,906
5,10,20,3,14,0.5000,long,0.2500,1.0824,0.4057,-0.4756,0.8530,4842
20,5,20,2,7,0.7000,long,0.2500,1.0806,0.3925,-0.3877,1.0124,3554
20,10,40,2,3,0.5000,long,0.0000,1.0805,0.7749,-0.8887,0.8720,781
10,5,40,3,7,0.7000,long,0.0000,1.0765,0.7297,-0.8155,0.8947,861
10,10,20,3,3,0.7000,long,0.0000,1.0761,0.7235,-0.7957,0.9092,1452
20,10,40,1,3,0.7000,long,0.0000,1.0758,0.8974,-0.9329,0.9620,434
10,3,20,2,3,0.3000,long,0.2500,1.0733,0.3235,-0.3704,0.8736,3926
10,10,40,3,14,0.7000,long,0.0000,1.0715,0.7185,-0.7853,0.9150,498
5,3,20,3,14,0.5000,long,0.2500,1.0699,0.3929,-0.4444,0.8843,4838
20,3,40,1,7,0.7000,long,0.2500,1.0698,0.4120,-0.5311,0.7757,1905
5,10,40,3,14,0.7000,long,0.2500,1.0686,0.4025,-0.4867,0.8270,4840
5,10,20,2,3,0.3000,long,0.2500,1.0685,0.3374,-0.3748,0.9002,4016
5,5,20,2,14,0.5000,long,0.0000,1.0676,0.7165,-0.7599,0.9428,396
5,3,20,3,3,0.3000,long,0.2500,1.0676,0.3412,-0.4107,0.8308,5657
10,3,40,2,14,0.3000,long,0.0000,1.0671,0.7119,-0.8371,0.8505,372
10,5,20,1,3,0.3000,long,0.0000,1.0666,0.8613,-0.8853,0.9729,650
20,3,40,3,14,0.5000,long,0.2500,1.0663,0.4025,-0.4956,0.8122,4927
10,10,40,2,14,0.3000,long,0.0000,1.0649,0.7154,-0.7642,0.9361,363
20,3,40,1,7,0.5000,long,0.2500,1.0646,0.3955,-0.4490,0.8809,1918
10,10,20,2,3,0.3000,long,0.0000,1.0643,0.7457,-0.7778,0.9587,1062
20,3,40,1,7,0.3000,long,0.0000,1.0641,0.7871,-0.7769,1.0130,342
10,10,20,2,3,0.5000,long,0.0000,1.0640,0.7602,-0.7872,0.9657,1041
5,3,20,3,3,0.5000,long,0.2500,1.0637,0.3385,-0.4141,0.8175,5647
5,5,20,3,3,0.5000,long,0.2500,1.0636,0.3376,-0.3864,0.8737,5623
20,5,20,2,7,0.7000,long,0.0000,1.0630,0.7245,-0.8619,0.8405,523
20,5,20,1,7,0.3000,long,0.2500,1.0608,0.3831,-0.3639,1.0529,1947
5,5,20,2,3,0.3000,long,0.2500,1.0599,0.3367,-0.3738,0.9007,4039
10,3,40,1,3,0.5000,long,0.0000,1.0598,0.8668,-0.8570,1.0114,658
20,10,20,2,3,0.7000,long,0.0000,1.0582,0.7373,-0.9028,0.8167,822
20,3,20,3,14,0.7000,long,0.2500,1.0582,0.3866,-0.5120,0.7551,4924
20,5,40,3,14,0.5000,long,0.2500,1.0571,0.3964,-0.4858,0.8160,4927
5,10,40,3,14,0.5000,long,0.2500,1.0569,0.3951,-0.4685,0.8435,4827
20,5,40,1,14,0.3000,long,0.2500,1.0565,0.3823,-0.4955,0.7716,1896
20,3,40,1,3,0.5000,long,0.0000,1.0556,0.8573,-0.9381,0.9139,610
10,10,20,2,14,0.5000,long,0.0000,1.0547,0.7084,-0.7547,0.9387,384
20,3,20,1,3,0.7000,long,0.0000,1.0544,0.8508,-0.9326,0.9124,574
5,5,40,3,14,0.7000,long,0.2500,1.0539,0.3927,-0.4774,0.8225,4843
20,10,20,2,7,0.7000,long,0.0000,1.0535,0.7213,-0.8475,0.8511,521
5,10,20,2,7,0.5000,long,0.2500,1.0534,0.3492,-0.3588,0.9733,3605
20,10,40,2,14,0.3000,long,0.0000,1.0534,0.6954,-0.8222,0.8458,374
20,10,40,2,3,0.3000,long,0.0000,1.0503,0.7209,-0.8750,0.8239,802
5,10,20,2,3,0.3000,long,0.0000,1.0483,0.7165,-0.8117,0.8827,1334
10,3,40,2,14,0.5000,long,0.0000,1.0483,0.7012,-0.8099,0.8657,374
20,10,40,2,14,0.5000,long,0.0000,1.0473,0.6915,-0.8061,0.8578,365
5,3,20,1,7,0.5000,long,0.0000,1.0444,0.7498,-0.7211,1.0398,442
20,10,20,2,14,0.5000,long,0.0000,1.0434,0.6884,-0.8450,0.8147,377
5,3,40,3,14,0.5000,long,0.2500,1.0432,0.3820,-0.4634,0.8244,4824
20,10,40,3,14,0.3000,long,0.2500,1.0420,0.3738,-0.4797,0.7792,4937
10,5,20,2,3,0.3000,long,0.2500,1.0419,0.3142,-0.3835,0.8194,3865
10,5,40,2,7,0.5000,long,0.0000,1.0407,0.6973,-0.7729,0.9022,655
10,10,40,1,3,0.5000,long,0.0000,1.0406,0.8416,-0.7971,1.0558,576
5,10,40,3,14,0.3000,long,0.2500,1.0404,0.3873,-0.5184,0.7472,4829
10,5,20,3,14,0.5000,long,0.0000,1.0394,0.6628,-0.7901,0.8389,518
20,5,20,2,14,0.7000,long,0.0000,1.0389,0.6759,-0.8263,0.8180,360
20,10,40,3,14,0.5000,long,0.2500,1.0385,0.3729,-0.4955,0.7525,4934
5,3,40,2,14,0.5000,long,0.2500,1.0383,0.3876,-0.4931,0.7861,3414
20,10,20,2,14,0.7000,long,0.0000,1.0373,0.6898,-0.8347,0.8264,364
20,3,20,2,14,0.7000,long,0.2500,1.0365,0.3710,-0.4885,0.7594,3525
10,10,20,3,14,0.5000,long,0.0000,1.0352,0.6679,-0.8108,0.8237,520
5,10,20,3,14,0.3000,long,0.2500,1.0343,0.3762,-0.4836,0.7778,4839
5,3,20,3,14,0.7000,long,0.2500,1.0341,0.3814,-0.4670,0.8166,4845
20,10,40,1,7,0.7000,long,0.0000,1.0336,0.7824,-0.8951,0.8740,282
20,10,40,1,7,0.7000,long,0.2500,1.0335,0.3945,-0.5447,0.7243,1893
20,10,20,2,7,0.5000,long,0.0000,1.0335,0.6846,-0.8332,0.8216,562
20,5,20,3,14,0.7000,long,0.2500,1.0332,0.3742,-0.5195,0.7203,4921
10,5,40,2,14,0.5000,long,0.0000,1.0314,0.6827,-0.8491,0.8041,367
10,3,40,3,7,0.7000,long,0.0000,1.0294,0.6598,-0.8474,0.7785,865
5,3,20,2,14,0.5000,long,0.2500,1.0286,0.3853,-0.5044,0.7639,3421
10,5,20,3,3,0.3000,long,0.2500,1.0277,0.3043,-0.4084,0.7451,5377
5,10,20,1,7,0.5000,long,0.0000,1.0257,0.7726,-0.7019,1.1007,408
10,10,40,3,3,0.3000,long,0.2500,1.0253,0.3035,-0.4057,0.7482,5302
20,3,40,3,14,0.7000,long,0.2500,1.0226,0.3685,-0.5170,0.7128,4920
5,3,20,2,3,0.3000,long,0.2500,1.0210,0.3156,-0.4057,0.7779,4092
20,10,20,2,7,0.3000,long,0.0000,1.0200,0.6656,-0.8458,0.7870,594
10,10,40,2,3,0.7000,long,0.2500,1.0200,0.3055,-0.4536,0.6736,3817
5,5,40,3,14,0.5000,long,0.2500,1.0194,0.3711,-0.4680,0.7928,4825
20,10,20,2,7,0.3000,long,0.2500,1.0193,0.3608,-0.4070,0.8865,3592
10,10,20,2,3,0.7000,long,0.2500,1.0142,0.3016,-0.4197,0.7187,3831
5,3,40,2,3,0.3000,long,0.0000,1.0138,0.6631,-0.8844,0.7498,1424
20,5,20,1,3,0.7000,long,0.0000,1.0135,0.7654,-0.9349,0.8187,588
20,5,40,1,7,0.7000,long,0.2500,1.0124,0.3792,-0.5240,0.7237,1905
10,3,20,2,7,0.7000,long,0.0000,1.0112,0.6607,-0.7622,0.8668,652
20,10,20,2,7,0.7000,long,0.2500,1.0100,0.3625,-0.4523,0.8016,3549
20,5,20,2,3,0.3000,long,0.2500,1.0089,0.3455,-0.5682,0.6080,3740
20,10,20,3,14,0.5000,long,0.2500,1.0081,0.3582,-0.5059,0.7079,4942
20,5,20,1,7,0.5000,long,0.0000,1.0079,0.7055,-0.8742,0.8070,382
20,5,40,1,14,0.3000,long,0.0000,1.0067,0.6892,-0.8528,0.8082,220
5,5,40,2,14,0.7000,long,0.2500,1.0061,0.3719,-0.4568,0.8143,3416
10,5,40,2,14,0.3000,long,0.0000,1.0038,0.6376,-0.8756,0.7282,373
20,5,40,2,14,0.3000,long,0.2500,1.0027,0.3611,-0.5060,0.7136,3532
20,10,20,2,7,0.5000,long,0.2500,1.0017,0.3573,-0.4385,0.8149,3572
20,3,40,1,14,0.5000,long,0.2500,1.0014,0.3592,-0.4715,0.7618,1897
20,5,40,3,14,0.7000,long,0.2500,1.0010,0.3580,-0.5246,0.6824,4922
5,10,20,1,7,0.3000,long,0.0000,1.0009,0.7295,-0.8501,0.8581,392
20,5,20,3,14,0.5000,long,0.2500,1.0002,0.3637,-0.5360,0.6785,4939
5,5,40,1,14,0.3000,long,0.0000,0.9992,0.6786,-0.8286,0.8190,218
20,5,20,2,7,0.5000,long,0.2500,0.9971,0.3488,-0.4584,0.7609,3585
20,10,20,1,7,0.7000,long,0.2500,0.9958,0.3727,-0.4749,0.7848,1916
5,10,20,2,14,0.7000,long,0.2500,0.9955,0.3727,-0.4739,0.7863,3419
10,10,20,3,7,0.7000,long,0.0000,0.9945,0.6100,-0.8527,0.7154,864
10,10,20,3,7,0.3000,long,0.0000,0.9909,0.5975,-0.8586,0.6959,885
10,10,40,2,3,0.5000,long,0.2500,0.9892,0.2921,-0.3736,0.7820,3804
5,3,40,2,3,0.3000,long,0.2500,0.9889,0.3191,-0.3877,0.8231,4063
20,3,40,1,7,0.5000,long,0.0000,0.9888,0.6542,-0.8590,0.7616,332
10,10,20,3,3,0.3000,long,0.2500,0.9877,0.2881,-0.3948,0.7296,5333
10,10,20,2,14,0.7000,long,0.0000,0.9862,0.6171,-0.7521,0.8205,379
20,3,40,1,14,0.5000,long,0.0000,0.9848,0.6333,-0.8391,0.7547,222
5,10,40,2,14,0.5000,long,0.2500,0.9784,0.3635,-0.5256,0.6916,3408
20,3,20,1,14,0.3000,long,0.2500,0.9782,0.3592,-0.5139,0.6989,1907
5,5,20,2,14,0.3000,long,0.2500,0.9780,0.3424,-0.4822,0.7102,3421
20,10,40,1,7,0.5000,long,0.0000,0.9765,0.6772,-0.8739,0.7748,318
10,10,20,3,7,0.5000,long,0.0000,0.9760,0.5846,-0.8402,0.6958,874
20,5,20,2,14,0.3000,long,0.2500,0.9737,0.3498,-0.5243,0.6671,3546
10,3,40,3,3,0.3000,long,0.2500,0.9736,0.2839,-0.4026,0.7050,5392
10,10,40,2,14,0.7000,long,0.0000,0.9735,0.6014,-0.7463,0.8059,376
10,3,20,2,3,0.5000,long,0.2500,0.9710,0.2826,-0.4758,0.5939,3886
20,10,40,3,14,0.7000,long,0.2500,0.9708,0.3426,-0.5199,0.6589,4926
10,3,20,2,14,0.3000,long,0.2500,0.9707,0.3198,-0.4327,0.7391,3429
10,10,20,3,14,0.3000,long,0.2500,0.9698,0.3218,-0.6291,0.5115,4853
20,10,20,2,14,0.3000,long,0.0000,0.9697,0.5857,-0.8154,0.7183,399
10,10,40,2,14,0.5000,long,0.2500,0.9693,0.3306,-0.4936,0.6698,3419
10,5,20,3,7,0.7000,long,0.0000,0.9675,0.5759,-0.8466,0.6803,887
10,5,20,1,3,0.7000,long,0.2500,0.9674,0.2982,-0.4592,0.6494,2078
20,5,40,2,14,0.7000,long,0.2500,0.9672,0.3478,-0.5289,0.6576,3518
20,3,20,1,7,0.5000,long,0.2500,0.9670,0.3445,-0.4931,0.6987,1941
10,3,20,1,3,0.7000,long,0.2500,0.9668,0.2941,-0.5169,0.5690,2083
10,3,40,3,3,0.5000,long,0.2500,0.9643,0.2789,-0.4424,0.6304,5351
10,10,40,3,3,0.5000,long,0.2500,0.9631,0.2797,-0.3868,0.7232,5309
20,3,40,2,14,0.7000,long,0.2500,0.9629,0.3449,-0.5289,0.6521,3524
20,10,20,3,14,0.7000,long,0.2500,0.9627,0.3389,-0.5192,0.6527,4929
10,3,40,2,3,0.3000,long,0.2500,0.9600,0.2798,-0.3409,0.8206,3873
10,10,20,3,3,0.5000,long,0.2500,0.9599,0.2789,-0.4112,0.6782,5322
5,5,20,3,14,0.7000,long,0.2500,0.9598,0.3415,-0.4774,0.7153,4853
20,10,40,1,14,0.3000,long,0.0000,0.9595,0.6291,-0.8610,0.7307,220
20,3,40,1,14,0.3000,long,0.0000,0.9592,0.6033,-0.8561,0.7047,220
5,10,20,3,14,0.7000,long,0.2500,0.9581,0.3423,-0.4663,0.7341,4841
5,10,20,2,14,0.3000,long,0.2500,0.9577,0.3388,-0.5644,0.6002,3417
20,3,20,1,7,0.7000,long,0.2500,0.9576,0.3492,-0.5062,0.6899,1922
10,10,40,2,3,0.3000,long,0.2500,0.9567,0.2789,-0.3681,0.7578,3796
10,5,40,3,14,0.7000,long,0.2500,0.9552,0.3135,-0.5487,0.5714,4834
20,5,40,2,14,0.5000,long,0.2500,0.9534,0.3363,-0.4942,0.6805,3527
20,10,20,1,7,0.7000,long,0.0000,0.9534,0.6374,-0.8565,0.7442,328
20,10,40,1,3,0.3000,long,0.2500,0.9532,0.3219,-0.5173,0.6223,1990
10,5,20,2,3,0.5000,long,0.2500,0.9525,0.2760,-0.4022,0.6864,3836
10,3,40,2,3,0.7000,long,0.2500,0.9504,0.2759,-0.4363,0.6324,3833
20,3,20,1,3,0.3000,long,0.2500,0.9501,0.3377,-0.5834,0.5788,2113
20,10,40,2,14,0.3000,long,0.2500,0.9489,0.3317,-0.5098,0.6507,3538
20,5,40,1,7,0.7000,long,0.0000,0.9488,0.6033,-0.9193,0.6562,306
10,10,40,1,3,0.3000,long,0.2500,0.9488,0.3031,-0.3143,0.9644,2039
20,10,40,1,7,0.5000,long,0.2500,0.9480,0.3395,-0.4863,0.6982,1913
10,5,40,2,7,0.7000,long,0.0000,0.9472,0.5672,-0.8178,0.6936,635
10,3,20,3,14,0.7000,long,0.2500,0.9458,0.3116,-0.5606,0.5559,4838
10,3,20,2,3,0.7000,long,0.2500,0.9442,0.2717,-0.4615,0.5886,3850
10,3,40,2,3,0.5000,long,0.2500,0.9426,0.2721,-0.3705,0.7345,3856
10,3,40,3,14,0.3000,long,0.2500,0.9422,0.3083,-0.5481,0.5625,4827
20,10,40,2,14,0.5000,long,0.2500,0.9414,0.3305,-0.4934,0.6698,3535
10,5,40,3,3,0.5000,long,0.2500,0.9407,0.2686,-0.4097,0.6556,5318
5,5,20,3,14,0.5000,long,0.2500,0.9404,0.3275,-0.4547,0.7203,4845
20,5,20,3,3,0.5000,long,0.2500,0.9399,0.3117,-0.6032,0.5168,5164
20,10,20,3,3,0.7000,long,0.2500,0.9398,0.3068,-0.6467,0.4744,5079
20,3,20,1,7,0.3000,long,0.0000,0.9392,0.5716,-0.7827,0.7302,390
20,5,20,1,7,0.7000,long,0.2500,0.9389,0.3404,-0.5281,0.6446,1923
10,10,40,3,7,0.7000,long,0.0000,0.9385,0.5364,-0.8520,0.6295,849
10,5,40,3,3,0.3000,long,0.2500,0.9383,0.2693,-0.3992,0.6745,5327
10,3,40,2,7,0.7000,long,0.0000,0.9381,0.5502,-0.8021,0.6859,638
20,3,20,3,3,0.5000,long,0.2500,0.9377,0.3065,-0.6319,0.4850,5220
5,10,40,1,14,0.5000,long,0.0000,0.9371,0.6010,-0.8071,0.7447,220
10,5,20,3,3,0.5000,long,0.2500,0.9359,0.2685,-0.4175,0.6431,5342
20,10,40,3,3,0.7000,long,0.2500,0.9354,0.3052,-0.6570,0.4645,5064
10,3,40,1,14,0.3000,long,0.0000,0.9353,0.5551,-0.8569,0.6478,216
20,3,40,1,7,0.7000,long,0.0000,0.9352,0.5810,-0.9313,0.6238,306
20,10,20,2,14,0.3000,long,0.2500,0.9352,0.3266,-0.4891,0.6678,3551
10,5,20,2,3,0.7000,long,0.2500,0.9328,0.2677,-0.4611,0.5806,3831
20,3,20,3,3,0.7000,long,0.2500,0.9326,0.3026,-0.6444,0.4697,5126
10,3,40,3,14,0.7000,long,0.2500,0.9322,0.3038,-0.5612,0.5413,4833
5,3,40,2,14,0.7000,long,0.2500,0.9314,0.3328,-0.4743,0.7017,3413
10,5,40,2,3,0.7000,long,0.2500,0.9311,0.2673,-0.4653,0.5745,3822
20,10,40,2,14,0.7000,long,0.2500,0.9261,0.3256,-0.5282,0.6165,3522
5,10,40,2,14,0.7000,long,0.2500,0.9256,0.3332,-0.5136,0.6488,3409
10,5,20,2,7,0.7000,long,0.0000,0.9251,0.5363,-0.8448,0.6348,658
20,5,40,1,7,0.5000,long,0.2500,0.9248,0.3330,-0.5401,0.6165,1921
20,5,20,3,3,0.3000,long,0.2500,0.9246,0.3056,-0.6099,0.5011,5214
5,3,20,2,14,0.7000,long,0.2500,0.9234,0.3351,-0.4786,0.7002,3414
10,3,40,2,7,0.5000,long,0.0000,0.9234,0.5322,-0.7692,0.6918,646
10,5,40,1,14,0.5000,long,0.0000,0.9217,0.5348,-0.7734,0.6916,210
10,5,40,2,14,0.7000,long,0.2500,0.9183,0.3077,-0.4951,0.6215,3420
10,3,20,3,3,0.7000,long,0.2500,0.9172,0.2601,-0.4586,0.5672,5355
20,5,20,3,3,0.7000,long,0.2500,0.9167,0.2956,-0.6545,0.4516,5107
10,3,40,1,3,0.7000,long,0.2500,0.9141,0.2737,-0.5041,0.5429,2079
20,10,20,2,14,0.7000,long,0.2500,0.9131,0.3183,-0.5422,0.5870,3535
10,5,40,3,14,0.5000,long,0.2500,0.9124,0.2935,-0.5807,0.5054,4833
10,10,40,2,7,0.3000,long,0.0000,0.9123,0.5135,-0.8292,0.6192,623
5,3,40,1,14,0.3000,long,0.0000,0.9108,0.5322,-0.8286,0.6423,226
5,5,20,2,14,0.7000,long,0.2500,0.9102,0.3233,-0.4743,0.6815,3419
20,10,20,1,7,0.5000,long,0.2500,0.9097,0.3185,-0.4888,0.6516,1927
10,10,40,3,3,0.7000,long,0.2500,0.9088,0.2577,-0.4335,0.5946,5330
10,10,20,2,14,0.3000,long,0.0000,0.9083,0.5058,-0.8105,0.6241,389
20,3,40,3,3,0.5000,long,0.2500,0.9079,0.2983,-0.6406,0.4657,5176
10,5,40,1,3,0.7000,long,0.2500,0.9059,0.2703,-0.4957,0.5454,2073
5,5,20,1,14,0.3000,long,0.0000,0.9051,0.5709,-0.9324,0.6123,224
10,5,40,1,14,0.3000,long,0.0000,0.9050,0.5103,-0.8191,0.6230,210
20,5,20,2,14,0.5000,long,0.2500,0.9049,0.3104,-0.5332,0.5820,3539
10,10,20,1,3,0.5000,long,0.2500,0.9044,0.2705,-0.4170,0.6488,2069
10,10,40,3,14,0.3000,long,0.2500,0.9032,0.2891,-0.5682,0.5088,4839
10,10,40,2,14,0.3000,long,0.2500,0.9025,0.2949,-0.5331,0.5531,3418
20,10,20,1,7,0.3000,long,0.2500,0.9005,0.3140,-0.4199,0.7479,1932
20,5,40,1,14,0.7000,long,0.0000,0.9000,0.5062,-0.8115,0.6237,212
20,5,40,3,3,0.7000,long,0.2500,0.8995,0.2881,-0.6507,0.4427,5077
20,3,20,2,3,0.5000,long,0.2500,0.8992,0.2900,-0.5869,0.4941,3762
10,3,20,3,3,0.3000,long,0.2500,0.8968,0.2528,-0.4524,0.5587,5442
5,5,40,1,14,0.5000,long,0.0000,0.8966,0.5126,-0.8223,0.6234,224
10,5,40,2,3,0.3000,long,0.2500,0.8948,0.2553,-0.3787,0.6742,3840
10,3,40,2,14,0.7000,long,0.2500,0.8943,0.2902,-0.4958,0.5854,3421
20,3,20,2,3,0.3000,long,0.2500,0.8941,0.2941,-0.5986,0.4913,3818
10,10,20,3,14,0.7000,long,0.2500,0.8941,0.2857,-0.5630,0.5075,4843
20,5,40,3,3,0.5000,long,0.2500,0.8925,0.2907,-0.6329,0.4593,5120
10,3,20,3,3,0.5000,long,0.2500,0.8924,0.2512,-0.4714,0.5329,5390
10,10,40,1,14,0.3000,long,0.2500,0.8918,0.3146,-0.5518,0.5702,1850
5,3,40,1,14,0.5000,long,0.0000,0.8906,0.5051,-0.8416,0.6002,226
20,5,20,2,3,0.7000,long,0.2500,0.8903,0.2842,-0.6339,0.4484,3674
20,5,20,1,7,0.5000,long,0.2500,0.8900,0.3067,-0.4878,0.6287,1940
10,10,20,1,3,0.7000,long,0.2500,0.8896,0.2671,-0.5039,0.5301,2073
10,10,40,2,7,0.7000,long,0.0000,0.8885,0.4861,-0.7940,0.6122,621
10,10,40,3,14,0.5000,long,0.2500,0.8884,0.2825,-0.5593,0.5050,4840
20,3,40,3,3,0.7000,long,0.2500,0.8878,0.2827,-0.6558,0.4310,5112
20,3,20,1,7,0.5000,long,0.0000,0.8874,0.5010,-0.8859,0.5656,378
5,10,20,2,14,0.5000,long,0.2500,0.8860,0.3093,-0.5364,0.5767,3427
10,5,40,1,14,0.7000,long,0.2500,0.8854,0.3161,-0.4467,0.7075,1849
10,3,20,3,14,0.5000,long,0.2500,0.8852,0.2847,-0.5865,0.4855,4845
10,5,20,3,3,0.7000,long,0.2500,0.8839,0.2475,-0.4581,0.5403,5335
10,10,40,2,7,0.5000,long,0.0000,0.8836,0.4763,-0.8244,0.5778,638
10,3,40,3,3,0.7000,long,0.2500,0.8833,0.2479,-0.4477,0.5537,5338
20,10,40,3,3,0.5000,long,0.2500,0.8827,0.2807,-0.6444,0.4356,5078
10,5,20,1,3,0.5000,long,0.2500,0.8825,0.2630,-0.4953,0.5310,2091
20,5,20,2,14,0.7000,long,0.2500,0.8821,0.2988,-0.5441,0.5493,3532
10,3,40,1,3,0.3000,long,0.2500,0.8813,0.2615,-0.4444,0.5885,2113
20,10,20,3,3,0.5000,long,0.2500,0.8811,0.2799,-0.6250,0.4478,5132
20,5,20,1,14,0.3000,long,0.0000,0.8809,0.4901,-0.8755,0.5598,238
10,3,20,2,14,0.7000,long,0.2500,0.8799,0.2834,-0.4937,0.5741,3426
10,3,20,1,3,0.3000,long,0.2500,0.8794,0.2647,-0.5156,0.5133,2147
10,3,20,2,14,0.5000,long,0.2500,0.8785,0.2786,-0.4768,0.5844,3429
20,3,40,3,3,0.3000,long,0.2500,0.8773,0.2850,-0.6365,0.4477,5231
20,10,20,1,14,0.3000,long,0.2500,0.8752,0.2976,-0.5224,0.5697,1904
20,5,20,2,3,0.5000,long,0.2500,0.8747,0.2793,-0.6175,0.4523,3710
10,10,20,2,14,0.5000,long,0.2500,0.8741,0.2857,-0.5083,0.5620,3429
10,3,40,1,7,0.3000,long,0.0000,0.8740,0.4624,-0.7515,0.6153,376
10,3,20,1,3,0.5000,long,0.2500,0.8736,0.2594,-0.5080,0.5105,2125
10,10,40,1,7,0.3000,long,0.0000,0.8735,0.4807,-0.8313,0.5783,346
20,10,20,3,3,0.3000,long,0.2500,0.8732,0.2755,-0.6153,0.4478,5154
10,10,40,3,14,0.7000,long,0.2500,0.8708,0.2753,-0.5871,0.4688,4837
20,3,40,2,3,0.7000,long,0.2500,0.8700,0.2740,-0.6405,0.4277,3660
10,5,40,3,14,0.3000,long,0.2500,0.8695,0.2745,-0.5886,0.4664,4834
10,5,20,3,14,0.7000,long,0.2500,0.8689,0.2755,-0.5755,0.4787,4839
10,3,20,3,14,0.3000,long,0.2500,0.8681,0.2674,-0.5150,0.5192,4846
5,5,40,2,14,0.5000,long,0.2500,0.8657,0.3001,-0.5036,0.5958,3410
20,10,20,1,7,0.5000,long,0.0000,0.8654,0.4916,-0.8988,0.5469,348
10,10,20,3,14,0.5000,long,0.2500,0.8652,0.2740,-0.5770,0.4749,4848
20,10,20,2,14,0.5000,long,0.2500,0.8635,0.2930,-0.5419,0.5406,3542
5,10,20,1,14,0.3000,long,0.0000,0.8631,0.4909,-0.8496,0.5778,228
20,3,20,1,7,0.7000,long,0.0000,0.8622,0.4686,-0.9007,0.5202,340
10,5,40,3,3,0.7000,long,0.2500,0.8607,0.2393,-0.4695,0.5097,5339
10,10,20,2,14,0.7000,long,0.2500,0.8577,0.2775,-0.4870,0.5698,3426
10,3,40,2,14,0.5000,long,0.2500,0.8569,0.2761,-0.5321,0.5189,3423
10,3,40,2,14,0.3000,long,0.2500,0.8568,0.2675,-0.5575,0.4797,3422
10,5,20,1,7,0.3000,long,0.0000,0.8566,0.4475,-0.9139,0.4897,410
20,5,40,3,3,0.3000,long,0.2500,0.8565,0.2747,-0.6115,0.4492,5142
10,10,20,2,7,0.3000,long,0.0000,0.8560,0.4427,-0.8354,0.5299,659
10,5,20,2,14,0.5000,long,0.2500,0.8550,0.2714,-0.6034,0.4498,3431
20,3,20,1,3,0.5000,long,0.2500,0.8548,0.2909,-0.5898,0.4932,2087
10,5,20,1,7,0.7000,long,0.0000,0.8527,0.4445,-0.8609,0.5163,384
20,5,20,1,3,0.3000,long,0.2500,0.8524,0.2826,-0.6120,0.4618,2073
20,5,40,1,7,0.5000,long,0.0000,0.8522,0.4540,-0.9169,0.4952,334
20,10,20,1,3,0.5000,long,0.2500,0.8518,0.2854,-0.6702,0.4259,2016
10,3,20,1,7,0.3000,long,0.0000,0.8510,0.4268,-0.7702,0.5541,414
10,5,20,3,14,0.3000,long,0.2500,0.8509,0.2624,-0.6522,0.4024,4855
20,10,40,3,3,0.3000,long,0.2500,0.8495,0.2652,-0.6295,0.4212,5096
10,3,20,1,14,0.5000,long,0.0000,0.8453,0.4257,-0.8761,0.4859,214
10,10,20,3,3,0.7000,long,0.2500,0.8447,0.2344,-0.4656,0.5035,5351
10,5,40,1,14,0.7000,long,0.0000,0.8441,0.4327,-0.7476,0.5788,214
10,5,40,1,3,0.5000,long,0.2500,0.8430,0.2450,-0.4966,0.4932,2078
20,10,20,1,7,0.3000,long,0.0000,0.8425,0.4561,-0.8655,0.5270,354
10,5,40,1,3,0.3000,long,0.2500,0.8421,0.2460,-0.4547,0.5409,2078
10,3,20,1,14,0.3000,long,0.0000,0.8418,0.4213,-0.9058,0.4651,226
10,3,40,1,14,0.3000,long,0.2500,0.8412,0.2742,-0.4434,0.6183,1853
10,5,40,3,7,0.5000,long,0.2500,0.8382,0.2491,-0.4780,0.5211,5040
20,5,40,1,3,0.3000,long,0.2500,0.8381,0.2740,-0.6133,0.4468,2034
10,10,40,1,14,0.3000,long,0.0000,0.8380,0.4322,-0.8618,0.5014,210
20,5,40,2,3,0.7000,long,0.2500,0.8356,0.2592,-0.6397,0.4051,3644
10,3,20,1,7,0.7000,long,0.0000,0.8351,0.4060,-0.8460,0.4800,378
20,10,40,2,3,0.7000,long,0.2500,0.8347,0.2597,-0.6438,0.4034,3623
20,5,20,1,7,0.7000,long,0.0000,0.8342,0.4284,-0.9267,0.4624,342
20,5,40,2,3,0.5000,long,0.2500,0.8330,0.2582,-0.6202,0.4163,3669
10,5,40,3,7,0.3000,long,0.2500,0.8326,0.2471,-0.4677,0.5284,5043
5,3,40,1,14,0.7000,long,0.0000,0.8325,0.4249,-0.8301,0.5119,218
5,10,40,1,14,0.5000,long,0.2500,0.8299,0.3147,-0.5540,0.5680,1816
5,3,40,1,14,0.5000,long,0.2500,0.8293,0.3109,-0.5549,0.5604,1819
10,10,20,2,3,0.3000,long,0.2500,0.8270,0.2291,-0.3624,0.6321,3837
10,10,20,2,7,0.5000,long,0.0000,0.8264,0.4049,-0.8314,0.4871,661
20,3,40,1,14,0.7000,long,0.0000,0.8243,0.4045,-0.8476,0.4772,212
5,5,40,1,14,0.3000,long,0.2500,0.8217,0.2926,-0.5611,0.5215,1814
20,5,20,1,14,0.3000,long,0.2500,0.8203,0.2658,-0.5766,0.4610,1905
20,3,40,2,3,0.5000,long,0.2500,0.8202,0.2524,-0.6254,0.4035,3722
10,10,40,2,14,0.7000,long,0.2500,0.8175,0.2579,-0.5091,0.5065,3424
5,3,40,1,14,0.3000,long,0.2500,0.8161,0.2891,-0.5430,0.5324,1818
10,10,40,1,3,0.5000,long,0.2500,0.8157,0.2376,-0.4216,0.5636,2064
10,5,40,2,14,0.3000,long,0.2500,0.8154,0.2606,-0.5960,0.4372,3422
10,10,20,2,3,0.5000,long,0.2500,0.8149,0.2247,-0.4546,0.4942,3826
10,10,20,2,7,0.7000,long,0.0000,0.8122,0.3875,-0.8258,0.4693,639
5,3,40,1,14,0.7000,long,0.2500,0.8061,0.2975,-0.5441,0.5468,1815
20,5,40,1,14,0.5000,long,0.0000,0.8059,0.3803,-0.8653,0.4396,222
10,5,40,2,3,0.5000,long,0.2500,0.8057,0.2201,-0.4607,0.4778,3832
20,10,20,2,3,0.5000,long,0.2500,0.8041,0.2521,-0.6006,0.4198,3669
10,5,20,2,14,0.7000,long,0.2500,0.8028,0.2520,-0.6242,0.4037,3424
10,3,40,3,14,0.5000,long,0.2500,0.8014,0.2437,-0.5773,0.4221,4829
20,5,40,1,3,0.7000,long,0.2500,0.8014,0.2623,-0.6951,0.3774,1985
20,3,40,2,3,0.3000,long,0.2500,0.8010,0.2444,-0.6011,0.4066,3754
20,10,20,2,3,0.3000,long,0.2500,0.7994,0.2480,-0.5717,0.4339,3700
5,5,40,2,14,0.3000,long,0.2500,0.7991,0.2699,-0.5455,0.4948,3415
10,5,40,1,7,0.3000,long,0.0000,0.7991,0.3578,-0.9070,0.3945,374
10,3,20,3,7,0.3000,long,0.2500,0.7990,0.2338,-0.5010,0.4667,5072
20,3,20,3,3,0.3000,long,0.2500,0.7976,0.2486,-0.6340,0.3921,5313
20,10,40,2,3,0.3000,long,0.2500,0.7965,0.2476,-0.6049,0.4093,3644
20,3,20,1,14,0.5000,long,0.0000,0.7965,0.3735,-0.8765,0.4261,236
10,3,20,1,7,0.5000,long,0.0000,0.7963,0.3542,-0.8341,0.4246,408
20,10,40,2,3,0.5000,long,0.2500,0.7958,0.2429,-0.6313,0.3848,3636
20,3,20,1,14,0.5000,long,0.2500,0.7952,0.2635,-0.5417,0.4864,1907
20,5,40,1,14,0.5000,long,0.2500,0.7927,0.2634,-0.5281,0.4987,1898
10,5,20,3,7,0.5000,long,0.2500,0.7903,0.2297,-0.5493,0.4182,5062
10,10,20,2,14,0.3000,long,0.2500,0.7902,0.2486,-0.5680,0.4377,3432
10,5,20,1,7,0.5000,long,0.0000,0.7894,0.3454,-0.8602,0.4015,416
20,10,20,1,3,0.7000,long,0.2500,0.7889,0.2571,-0.6922,0.3714,2016
10,5,20,3,7,0.3000,long,0.2500,0.7858,0.2276,-0.5479,0.4154,5078
10,3,20,1,7,0.7000,long,0.2500,0.7831,0.2455,-0.3743,0.6559,1933
10,5,20,1,3,0.3000,long,0.2500,0.7807,0.2206,-0.4336,0.5089,2101
20,10,20,1,14,0.3000,long,0.0000,0.7775,0.3625,-0.8735,0.4150,236
10,10,40,1,3,0.7000,long,0.2500,0.7773,0.2200,-0.5598,0.3930,2074
5,5,40,1,14,0.7000,long,0.0000,0.7768,0.3507,-0.8600,0.4077,218
10,5,40,2,14,0.5000,long,0.2500,0.7764,0.2418,-0.6049,0.3997,3419
10,10,40,1,14,0.7000,long,0.0000,0.7762,0.3363,-0.7435,0.4523,216
10,3,40,3,7,0.3000,long,0.2500,0.7752,0.2247,-0.5033,0.4465,5050
10,5,20,2,14,0.3000,long,0.2500,0.7752,0.2354,-0.6424,0.3663,3435
10,5,20,1,14,0.5000,long,0.0000,0.7746,0.3320,-0.9244,0.3591,226
20,5,40,1,14,0.7000,long,0.2500,0.7733,0.2572,-0.5684,0.4525,1891
10,5,40,1,7,0.7000,long,0.0000,0.7730,0.3245,-0.8247,0.3935,366
5,5,20,2,14,0.5000,long,0.2500,0.7724,0.2514,-0.4861,0.5171,3417
10,5,40,1,14,0.3000,long,0.2500,0.7686,0.2404,-0.5038,0.4772,1849
10,3,20,1,14,0.5000,long,0.2500,0.7682,0.2375,-0.4586,0.5178,1851
20,3,40,1,3,0.3000,long,0.2500,0.7665,0.2384,-0.6392,0.3730,2088
10,5,40,1,14,0.5000,long,0.2500,0.7662,0.2406,-0.4619,0.5209,1849
5,10,40,1,14,0.7000,long,0.0000,0.7660,0.3371,-0.8553,0.3941,218
10,5,20,3,14,0.5000,long,0.2500,0.7645,0.2244,-0.6050,0.3709,4847
20,10,20,1,3,0.3000,long,0.2500,0.7626,0.2421,-0.6683,0.3623,2030
10,3,20,3,7,0.5000,long,0.2500,0.7569,0.2165,-0.5350,0.4047,5068
20,3,20,2,3,0.7000,long,0.2500,0.7553,0.2257,-0.6758,0.3339,3698
5,10,20,1,14,0.5000,long,0.0000,0.7543,0.3417,-0.8568,0.3988,220
20,5,40,2,3,0.3000,long,0.2500,0.7505,0.2270,-0.6249,0.3633,3707
20,3,40,1,14,0.7000,long,0.2500,0.7500,0.2441,-0.5624,0.4340,1891
10,3,40,1,14,0.7000,long,0.2500,0.7495,0.2353,-0.4544,0.5178,1851
20,10,20,2,3,0.7000,long,0.2500,0.7478,0.2274,-0.6300,0.3609,3655
20,3,40,1,3,0.7000,long,0.2500,0.7464,0.2361,-0.7014,0.3366,2004
10,3,40,1,7,0.5000,long,0.0000,0.7459,0.2836,-0.8081,0.3510,386
20,5,20,1,3,0.5000,long,0.2500,0.7444,0.2355,-0.6874,0.3427,2060
10,5,20,1,14,0.7000,long,0.0000,0.7436,0.2993,-0.7701,0.3886,226
10,10,40,3,7,0.5000,long,0.2500,0.7434,0.2096,-0.5416,0.3871,5023
20,3,20,1,14,0.3000,long,0.0000,0.7379,0.3044,-0.9189,0.3313,236
10,10,40,1,14,0.5000,long,0.0000,0.7307,0.2834,-0.8661,0.3272,214
10,10,20,1,3,0.3000,long,0.2500,0.7305,0.2005,-0.4301,0.4662,2065
10,10,40,1,14,0.7000,long,0.2500,0.7303,0.2334,-0.4818,0.4845,1851
20,10,20,1,14,0.5000,long,0.2500,0.7280,0.2262,-0.5578,0.4056,1904
20,10,40,1,14,0.5000,long,0.0000,0.7268,0.2882,-0.8799,0.3276,224
20,5,20,1,14,0.5000,long,0.0000,0.7263,0.2907,-0.9164,0.3172,240
10,10,40,1,14,0.5000,long,0.2500,0.7227,0.2309,-0.5638,0.4096,1852
10,10,20,1,7,0.7000,long,0.0000,0.7225,0.2585,-0.9108,0.2838,376
5,5,40,1,14,0.5000,long,0.2500,0.7204,0.2503,-0.5716,0.4379,1818
10,10,20,1,7,0.5000,long,0.0000,0.7203,0.2513,-0.9007,0.2790,376
10,10,40,3,7,0.3000,long,0.2500,0.7196,0.2007,-0.5589,0.3590,5023
20,10,40,1,3,0.7000,long,0.2500,0.7188,0.2247,-0.6978,0.3220,1978
10,3,20,3,7,0.7000,long,0.2500,0.7149,0.1989,-0.5173,0.3845,5052
10,10,20,1,14,0.7000,long,0.0000,0.7142,0.2610,-0.7972,0.3274,226
20,5,40,1,3,0.5000,long,0.2500,0.7135,0.2200,-0.6984,0.3150,2022
10,5,20,2,7,0.3000,long,0.2500,0.7125,0.2045,-0.4766,0.4290,3621
10,3,40,3,7,0.5000,long,0.2500,0.7120,0.1982,-0.5059,0.3919,5048
10,5,40,3,7,0.7000,long,0.2500,0.7088,0.1959,-0.4623,0.4238,5044
10,10,40,1,7,0.7000,long,0.0000,0.7067,0.2329,-0.8570,0.2717,370
10,3,40,1,14,0.7000,long,0.0000,0.7035,0.2447,-0.7129,0.3432,216
10,10,20,1,14,0.7000,long,0.2500,0.7027,0.2203,-0.4883,0.4511,1856
20,5,20,1,3,0.7000,long,0.2500,0.7019,0.2141,-0.6921,0.3094,2055
10,3,40,1,14,0.5000,long,0.0000,0.7016,0.2423,-0.8628,0.2809,218
10,5,40,1,7,0.5000,long,0.0000,0.6991,0.2251,-0.8556,0.2631,378
10,5,40,2,7,0.3000,long,0.2500,0.6983,0.2001,-0.5281,0.3789,3593
20,5,20,1,14,0.7000,long,0.0000,0.6977,0.2523,-0.8240,0.3062,226
20,10,40,1,14,0.7000,long,0.0000,0.6960,0.2483,-0.8974,0.2767,216
5,3,20,1,14,0.5000,long,0.2500,0.6947,0.2278,-0.5502,0.4141,1821
5,3,20,1,14,0.3000,long,0.0000,0.6946,0.2601,-0.9180,0.2833,232
10,3,20,1,14,0.3000,long,0.2500,0.6937,0.2043,-0.5360,0.3812,1857
10,3,20,2,7,0.3000,long,0.2500,0.6929,0.1969,-0.4966,0.3964,3621
5,10,20,1,14,0.3000,long,0.2500,0.6928,0.2215,-0.5891,0.3760,1818
20,10,40,1,3,0.5000,long,0.2500,0.6873,0.2070,-0.6567,0.3152,1998
20,10,20,1,14,0.7000,long,0.0000,0.6848,0.2377,-0.8912,0.2667,230
10,5,20,1,14,0.3000,long,0.0000,0.6842,0.2251,-0.9477,0.2376,228
5,3,20,1,14,0.7000,long,0.2500,0.6830,0.2294,-0.5423,0.4230,1819
10,3,20,2,7,0.5000,long,0.2500,0.6806,0.1905,-0.4553,0.4185,3608
10,3,20,1,14,0.7000,long,0.0000,0.6793,0.2167,-0.7973,0.2718,224
10,3,20,1,14,0.7000,long,0.2500,0.6741,0.2007,-0.4490,0.4471,1855
10,3,40,1,3,0.5000,long,0.2500,0.6713,0.1781,-0.4566,0.3901,2105
5,10,40,1,14,0.7000,long,0.2500,0.6708,0.2237,-0.6089,0.3673,1815
20,10,40,1,14,0.5000,long,0.2500,0.6706,0.2054,-0.6078,0.3380,1899
10,3,40,1,7,0.7000,long,0.0000,0.6705,0.1905,-0.8785,0.2169,372
20,3,20,1,14,0.7000,long,0.0000,0.6701,0.2189,-0.9016,0.2427,224
10,5,20,1,14,0.7000,long,0.2500,0.6567,0.2019,-0.4809,0.4199,1856
5,3,20,1,14,0.7000,long,0.0000,0.6548,0.2101,-0.9040,0.2325,224
10,5,20,1,7,0.7000,long,0.2500,0.6545,0.1910,-0.4777,0.3999,1936
5,5,40,1,14,0.7000,long,0.2500,0.6514,0.2133,-0.6022,0.3541,1815
10,3,40,2,7,0.3000,long,0.2500,0.6500,0.1788,-0.5201,0.3438,3594
10,5,40,1,7,0.7000,long,0.2500,0.6494,0.1886,-0.5218,0.3615,1928
10,10,20,1,7,0.3000,long,0.0000,0.6459,0.1595,-0.9037,0.1766,378
10,3,40,1,7,0.7000,long,0.2500,0.6433,0.1841,-0.4810,0.3827,1930
10,10,20,1,7,0.7000,long,0.2500,0.6430,0.1862,-0.4637,0.4015,1932
20,5,20,1,14,0.5000,long,0.2500,0.6419,0.1891,-0.6322,0.2990,1907
10,3,40,1,14,0.5000,long,0.2500,0.6408,0.1822,-0.4465,0.4081,1854
20,10,20,1,14,0.5000,long,0.0000,0.6366,0.1809,-0.9020,0.2006,236
10,5,20,3,7,0.7000,long,0.2500,0.6365,0.1679,-0.5044,0.3329,5058
10,10,20,3,7,0.3000,long,0.2500,0.6362,0.1679,-0.5503,0.3052,5058
20,5,20,1,14,0.7000,long,0.2500,0.6350,0.1872,-0.5359,0.3492,1898
5,5,20,1,14,0.7000,long,0.0000,0.6333,0.1881,-0.8874,0.2120,228
10,10,20,3,7,0.7000,long,0.2500,0.6325,0.1655,-0.5180,0.3195,5045
10,3,20,2,7,0.7000,long,0.2500,0.6320,0.1716,-0.4631,0.3705,3599
5,10,20,1,14,0.5000,long,0.2500,0.6309,0.1913,-0.5790,0.3305,1813
5,5,20,1,14,0.7000,long,0.2500,0.6304,0.2022,-0.5489,0.3684,1820
5,3,20,1,14,0.5000,long,0.0000,0.6293,0.1842,-0.9447,0.1950,230
10,10,40,1,7,0.3000,long,0.2500,0.6260,0.1778,-0.4085,0.4353,1920
5,5,20,1,14,0.3000,long,0.2500,0.6248,0.1864,-0.6184,0.3013,1815
5,10,20,1,14,0.7000,long,0.0000,0.6218,0.1772,-0.8638,0.2051,220
10,10,20,3,7,0.5000,long,0.2500,0.6201,0.1611,-0.5197,0.3099,5051
10,10,20,1,14,0.5000,long,0.0000,0.6199,0.1481,-0.8309,0.1782,226
10,3,40,3,7,0.7000,long,0.2500,0.6177,0.1599,-0.5066,0.3157,5046
5,5,20,1,14,0.5000,long,0.0000,0.6174,0.1739,-0.9547,0.1822,228
10,5,40,2,7,0.5000,long,0.2500,0.6172,0.1653,-0.4889,0.3380,3600
10,10,40,2,7,0.3000,long,0.2500,0.6156,0.1644,-0.5348,0.3073,3581
10,10,40,3,7,0.7000,long,0.2500,0.6147,0.1590,-0.5146,0.3090,5036
10,10,20,1,14,0.3000,long,0.0000,0.6127,0.1461,-0.8267,0.1767,222
10,10,40,1,7,0.7000,long,0.2500,0.6062,0.1704,-0.4844,0.3519,1930
20,3,20,1,3,0.7000,long,0.2500,0.5985,0.1672,-0.6965,0.2400,2048
10,10,20,1,14,0.5000,long,0.2500,0.5867,0.1666,-0.5616,0.2967,1857
10,3,40,1,7,0.3000,long,0.2500,0.5787,0.1505,-0.5136,0.2929,1935
10,3,20,1,7,0.3000,long,0.2500,0.5772,0.1491,-0.5088,0.2931,1954
5,10,20,1,14,0.7000,long,0.2500,0.5768,0.1745,-0.6006,0.2905,1816
10,10,40,1,7,0.5000,long,0.0000,0.5697,0.0711,-0.9135,0.0778,366
10,10,40,2,7,0.5000,long,0.2500,0.5694,0.1461,-0.5268,0.2773,3592
20,10,40,1,14,0.7000,long,0.2500,0.5692,0.1598,-0.6925,0.2307,1893
10,10,20,1,14,0.3000,long,0.2500,0.5644,0.1564,-0.5637,0.2775,1855
20,3,20,1,14,0.7000,long,0.2500,0.5602,0.1548,-0.6400,0.2419,1901
10,5,40,2,7,0.7000,long,0.2500,0.5588,0.1419,-0.4862,0.2918,3590
10,3,20,1,7,0.5000,long,0.2500,0.5587,0.1410,-0.4209,0.3349,1950
20,3,40,1,3,0.5000,long,0.2500,0.5517,0.1468,-0.7259,0.2022,2067
5,3,20,1,14,0.3000,long,0.2500,0.5479,0.1493,-0.6155,0.2425,1819
10,3,40,1,7,0.5000,long,0.2500,0.5473,0.1374,-0.4852,0.2831,1937
10,3,40,2,7,0.7000,long,0.2500,0.5448,0.1366,-0.4746,0.2878,3592
10,5,20,2,7,0.5000,long,0.2500,0.5362,0.1328,-0.4719,0.2814,3616
10,5,40,1,7,0.3000,long,0.2500,0.5328,0.1386,-0.5449,0.2543,1934
5,5,20,1,14,0.5000,long,0.2500,0.5325,0.1433,-0.6589,0.2175,1817
10,3,40,2,7,0.5000,long,0.2500,0.5195,0.1267,-0.4651,0.2725,3596
10,10,40,2,7,0.7000,long,0.2500,0.5156,0.1254,-0.4953,0.2531,3583
20,10,20,1,14,0.7000,long,0.2500,0.5155,0.1348,-0.6402,0.2105,1900
10,5,40,1,7,0.5000,long,0.2500,0.5039,0.1270,-0.5545,0.2290,1934
10,5,20,1,14,0.5000,long,0.2500,0.4945,0.1208,-0.6170,0.1958,1857
10,10,20,2,7,0.7000,long,0.2500,0.4895,0.1154,-0.4590,0.2513,3592
10,5,20,2,7,0.7000,long,0.2500,0.4825,0.1127,-0.4836,0.2330,3602
10,10,40,1,7,0.5000,long,0.2500,0.4689,0.1128,-0.4869,0.2318,1928
10,10,20,1,7,0.5000,long,0.2500,0.4660,0.1117,-0.5612,0.1990,1933
10,10,20,2,7,0.3000,long,0.2500,0.4656,0.1063,-0.5504,0.1931,3601
10,10,20,2,7,0.5000,long,0.2500,0.4581,0.1033,-0.5282,0.1956,3602
10,5,20,1,7,0.5000,long,0.2500,0.4421,0.0970,-0.5279,0.1837,1952
10,5,20,1,14,0.3000,long,0.2500,0.3855,0.0772,-0.7558,0.1021,1858
10,5,20,1,7,0.3000,long,0.2500,0.3409,0.0594,-0.6091,0.0974,1952
10,10,20,1,7,0.3000,long,0.2500,0.2718,0.0333,-0.5943,0.0560,1937
